register_tse,institute,scope,uf,sample_size,field_start,field_end,publication_date,registration_date,cost,confidence_score,source_name,source_credibility,event_date
BR015082026,Veritá,state,BR,1220,2026-09-07,2026-09-12,2026-09-12,2026-09-06,93940,0.6,Veritá,3,2026-09-12
BR034602026,Veritá,state,BR,1220,2026-09-07,2026-09-12,2026-09-12,2026-09-06,93940,0.6,Veritá,3,2026-09-12
BR067442026,Veritá,state,BR,2020,2026-09-07,2026-09-12,2026-09-12,2026-09-06,155540,0.7,Veritá,3,2026-09-12
BR021222026,Veritá,state,BR,1525,2026-09-07,2026-09-12,2026-09-12,2026-09-06,117425,0.6,Veritá,3,2026-09-12
BR009652026,Veritá,state,BR,3025,2026-09-07,2026-09-12,2026-09-12,2026-09-06,232925,0.7,Veritá,3,2026-09-12
BR023892026,Veritá,state,BR,1220,2026-09-07,2026-09-12,2026-09-12,2026-09-06,93940,0.6,Veritá,3,2026-09-12
BR039162026,Veritá,state,BR,1030,2026-09-07,2026-09-12,2026-09-12,2026-09-06,79310,0.6,Veritá,3,2026-09-12
BR079552026,AtlasIntel,state,BR,1200,2026-09-05,2026-09-10,2026-09-11,2026-09-05,60000,0.8,AtlasIntel,3,2026-09-11
BR099322026,Veritá,state,BR,2010,2026-09-06,2026-09-11,2026-09-11,2026-09-05,154770,0.7,Veritá,3,2026-09-11
BR096242026,Doxa,state,BR,800,2026-09-05,2026-09-09,2026-09-11,2026-09-05,30000,0.5,Doxa,3,2026-09-11
BR073422026,Veritá,state,BR,1220,2026-09-05,2026-09-10,2026-09-11,2026-09-05,93940,0.6,Veritá,3,2026-09-11
BR057702026,INSTITUTO FRANCA DE PESQUISAS LTDA,state,BR,1300,2026-09-08,2026-09-10,2026-09-11,2026-09-05,20000,0.6,INSTITUTO FRANCA DE PESQUISAS LTDA,3,2026-09-11
BR086592026,Veritá,state,BR,1220,2026-09-05,2026-09-10,2026-09-11,2026-09-05,93940,0.6,Veritá,3,2026-09-11
BR046232026,Datafolha,state,BR,910,2026-09-08,2026-09-11,2026-09-11,2026-09-05,100820.12,0.7,Datafolha,5,2026-09-11
BR063612026,Datafolha,state,BR,1204,2026-09-08,2026-09-11,2026-09-11,2026-09-05,130418.94,0.8,Datafolha,5,2026-09-11
BR068232026,Veritá,state,BR,1525,2026-09-05,2026-09-10,2026-09-11,2026-09-05,117425,0.6,Veritá,3,2026-09-11
BR059232026,Datafolha,state,BR,1204,2026-09-08,2026-09-11,2026-09-11,2026-09-05,153527.92,0.8,Datafolha,5,2026-09-11
BR027412026,Veritá,state,BR,1525,2026-09-05,2026-09-10,2026-09-11,2026-09-05,117425,0.6,Veritá,3,2026-09-11
BR097422026,Veritá,state,BR,1220,2026-09-05,2026-09-10,2026-09-11,2026-09-05,93940,0.6,Veritá,3,2026-09-11
BR030222026,Datafolha,state,BR,1204,2026-09-08,2026-09-11,2026-09-11,2026-09-05,162051.6,0.8,Datafolha,5,2026-09-11
BR061282026,INSTITUTO DATATRENDS LTDA,state,BR,1200,2026-09-07,2026-09-09,2026-09-11,2026-09-05,15000,0.6,INSTITUTO DATATRENDS LTDA,3,2026-09-11
BR018332026,Datafolha,national,BR,2002,2026-09-08,2026-09-11,2026-09-11,2026-09-05,307641.6,0.8999999999999999,Datafolha,5,2026-09-11
BR089972026,BADRA COMUNICACAO LTDA,state,BR,1060,2026-09-08,2026-09-10,2026-09-11,2026-09-05,18000,0.6,BADRA COMUNICACAO LTDA,3,2026-09-11
BR076772026,Veritá,state,BR,1220,2026-09-06,2026-09-11,2026-09-11,2026-09-05,93940,0.6,Veritá,3,2026-09-11
BR095352026,Veritá,state,BR,2030,2026-09-06,2026-09-11,2026-09-11,2026-09-05,156310,0.7,Veritá,3,2026-09-11
BR080532026,Veritá,state,BR,1525,2026-09-05,2026-09-10,2026-09-11,2026-09-05,117425,0.6,Veritá,3,2026-09-11
BR080932026,Veritá,national,BR,40500,2026-09-06,2026-09-11,2026-09-11,2026-09-05,200000,0.7,Veritá,3,2026-09-11
BR057712026,Veritá,state,BR,1220,2026-09-06,2026-09-11,2026-09-11,2026-09-05,93940,0.6,Veritá,3,2026-09-11
BR057992026,Veritá,state,BR,1220,2026-09-06,2026-09-11,2026-09-11,2026-09-05,70000,0.6,Veritá,3,2026-09-11
BR098212026,Veritá,state,BR,2030,2026-09-05,2026-09-10,2026-09-11,2026-09-05,156310,0.7,Veritá,3,2026-09-11
BR039042026,Datafolha,state,BR,1610,2026-09-08,2026-09-11,2026-09-11,2026-09-05,185706.64,0.8,Datafolha,5,2026-09-11
BR007172026,Veritá,state,BR,2010,2026-09-06,2026-09-11,2026-09-11,2026-09-05,154770,0.7,Veritá,3,2026-09-11
BR082292026,AtlasIntel,state,BR,1200,2026-09-04,2026-09-09,2026-09-10,2026-09-04,65000,0.8,AtlasIntel,3,2026-09-10
BR023222026,100 Cidades,national,BR,2000,2026-09-04,2026-09-09,2026-09-10,2026-09-04,160000,0.7,100 Cidades,3,2026-09-10
BR070192026,SETA INSTITUTO DE PESQUISA LTDA,state,BR,1500,2026-09-03,2026-09-05,2026-09-10,2026-09-04,15000,0.6,SETA INSTITUTO DE PESQUISA LTDA,3,2026-09-10
BR049142026,"PODERDATA PESQUISA, JORNALISMO E COMUNIC",national,BR,3000,2026-09-06,2026-09-09,2026-09-10,2026-09-04,103715,0.7,"PODERDATA PESQUISA, JORNALISMO E COMUNIC",3,2026-09-10
BR050532026,NEOBE GESTAO E SERVICOS LTDA,state,BR,1008,2026-09-08,2026-09-10,2026-09-10,2026-09-04,25000,0.6,NEOBE GESTAO E SERVICOS LTDA,3,2026-09-10
BR028902026,IPEMS INSTITUTO DE PESQUISAS DE MATO GRO,state,BR,800,2026-09-05,2026-09-10,2026-09-10,2026-09-04,40000,0.5,IPEMS INSTITUTO DE PESQUISAS DE MATO GRO,3,2026-09-10
BR012262026,DATA CONTROL INSTITUTO DE PESQUISA LTDA ,state,BR,1800,2026-09-02,2026-09-08,2026-09-10,2026-09-04,70000,0.6,DATA CONTROL INSTITUTO DE PESQUISA LTDA ,3,2026-09-10
BR070202026,AtlasIntel,state,BR,1200,2026-09-04,2026-09-09,2026-09-10,2026-09-04,65000,0.8,AtlasIntel,3,2026-09-10
BR009192026,DATAVERO PESQUISA E CONSULTORIA LTDA,unknown,BR,1500,2026-09-06,2026-09-08,2026-09-10,2026-09-04,20000,0.6,DATAVERO PESQUISA E CONSULTORIA LTDA,3,2026-09-10
BR099202026,INSTITUTO GAZETA LTDA,state,BR,2000,2026-08-29,2026-09-05,2026-09-10,2026-09-04,15000,0.7,INSTITUTO GAZETA LTDA,3,2026-09-10
BR047522026,AtlasIntel,state,BR,1200,2026-09-04,2026-09-09,2026-09-10,2026-09-04,65000,0.8,AtlasIntel,3,2026-09-10
BR006312026,Real Time Big Data,state,BR,1600,2026-09-05,2026-09-09,2026-09-10,2026-09-04,24000,0.8,Real Time Big Data,3,2026-09-10
BR038382026,Real Time Big Data,state,BR,1600,2026-09-05,2026-09-09,2026-09-10,2026-09-04,24000,0.8,Real Time Big Data,3,2026-09-10
BR071742026,Real Time Big Data,state,BR,1600,2026-09-05,2026-09-09,2026-09-10,2026-09-04,24000,0.8,Real Time Big Data,3,2026-09-10
BR094862026,Real Time Big Data,state,BR,1600,2026-09-05,2026-09-09,2026-09-10,2026-09-04,24000,0.8,Real Time Big Data,3,2026-09-10
BR062302026,AtlasIntel,state,BR,1200,2026-09-04,2026-09-09,2026-09-10,2026-09-04,55000,0.8,AtlasIntel,3,2026-09-10
BR095812026,AtlasIntel,state,BR,1800,2026-09-04,2026-09-09,2026-09-10,2026-09-04,75000,0.8,AtlasIntel,3,2026-09-10
BR003772026,Real Time Big Data,state,BR,1600,2026-09-05,2026-09-09,2026-09-10,2026-09-04,24000,0.8,Real Time Big Data,3,2026-09-10
BR014522026,AtlasIntel,national,BR,5000,2026-09-04,2026-09-09,2026-09-10,2026-09-04,75000,0.8999999999999999,AtlasIntel,3,2026-09-10
BR085402026,AtlasIntel,state,BR,1200,2026-09-04,2026-09-09,2026-09-10,2026-09-04,65000,0.8,AtlasIntel,3,2026-09-10
BR070822026,AtlasIntel,state,BR,1800,2026-09-04,2026-09-09,2026-09-10,2026-09-04,75000,0.8,AtlasIntel,3,2026-09-10
BR082882026,RANKING BRASIL INTELIGENCIA LTDA,state,BR,2000,2026-09-04,2026-09-09,2026-09-10,2026-09-04,20000,0.7,RANKING BRASIL INTELIGENCIA LTDA,3,2026-09-10
BR063652026,AtlasIntel,state,BR,1200,2026-09-04,2026-09-09,2026-09-10,2026-09-04,65000,0.8,AtlasIntel,3,2026-09-10
BR054202026,PALVER CONSULTORIA E DESENVOLVIMENTO TEC,national,BR,5000,2026-09-04,2026-09-08,2026-09-09,2026-09-03,30000,0.7,PALVER CONSULTORIA E DESENVOLVIMENTO TEC,3,2026-09-09
BR065662026,Real Time Big Data,state,BR,1600,2026-09-04,2026-09-08,2026-09-09,2026-09-03,24000,0.8,Real Time Big Data,3,2026-09-09
BR015472026,DATA CONTROL INSTITUTO DE PESQUISA LTDA ,state,BR,1800,2026-09-02,2026-09-08,2026-09-09,2026-09-03,70000,0.6,DATA CONTROL INSTITUTO DE PESQUISA LTDA ,3,2026-09-09
BR031002026,Veritá,state,BR,1220,2026-09-04,2026-09-09,2026-09-09,2026-09-03,93940,0.6,Veritá,3,2026-09-09
BR082362026,Real Time Big Data,state,BR,1600,2026-09-04,2026-09-08,2026-09-09,2026-09-03,24000,0.8,Real Time Big Data,3,2026-09-09
BR045512026,Veritá,state,BR,1525,2026-09-04,2026-09-09,2026-09-09,2026-09-03,117425,0.6,Veritá,3,2026-09-09
BR017642026,EXATUS CONSULTORIA E PESQUISA LTDA,state,BR,1500,2026-09-07,2026-09-09,2026-09-09,2026-09-03,30000,0.6,EXATUS CONSULTORIA E PESQUISA LTDA,3,2026-09-09
BR079322026,Real Time Big Data,national,BR,1600,2026-09-04,2026-09-08,2026-09-09,2026-09-03,24000,0.8,Real Time Big Data,3,2026-09-09
BR095802026,Veritá,state,BR,1030,2026-09-04,2026-09-09,2026-09-09,2026-09-03,79310,0.6,Veritá,3,2026-09-09
BR097532026,Veritá,state,BR,1220,2026-09-04,2026-09-09,2026-09-09,2026-09-03,93940,0.6,Veritá,3,2026-09-09
BR015552026,Real Time Big Data,state,BR,1600,2026-09-04,2026-09-08,2026-09-09,2026-09-03,24000,0.8,Real Time Big Data,3,2026-09-09
BR054922026,Veritá,state,BR,2020,2026-09-04,2026-09-09,2026-09-09,2026-09-03,155540,0.7,Veritá,3,2026-09-09
BR052872026,Veritá,state,BR,1030,2026-09-04,2026-09-09,2026-09-09,2026-09-03,79310,0.6,Veritá,3,2026-09-09
BR079352026,Ideia/Canal Meio,national,BR,1500,2026-09-04,2026-09-07,2026-09-09,2026-09-03,27600,0.6,Ideia/Canal Meio,3,2026-09-09
BR072752026,Real Time Big Data,state,BR,1600,2026-09-04,2026-09-08,2026-09-09,2026-09-03,24000,0.8,Real Time Big Data,3,2026-09-09
BR014622026,Veritá,state,BR,1220,2026-09-04,2026-09-09,2026-09-09,2026-09-03,93940,0.6,Veritá,3,2026-09-09
BR095192026,Real Time Big Data,state,BR,1600,2026-09-03,2026-09-07,2026-09-08,2026-09-02,24000,0.8,Real Time Big Data,3,2026-09-08
BR094172026,Quaest,state,BR,1506,2026-09-04,2026-09-07,2026-09-08,2026-09-02,212346,0.8,Quaest,3,2026-09-08
BR097052026,Quaest,state,BR,1302,2026-09-04,2026-09-07,2026-09-08,2026-09-02,158844,0.8,Quaest,3,2026-09-08
BR002512026,Gerp,national,BR,2400,2026-09-03,2026-09-08,2026-09-08,2026-09-02,15000,0.7,Gerp,3,2026-09-08
BR018252026,Real Time Big Data,state,BR,2000,2026-09-03,2026-09-07,2026-09-08,2026-09-02,30000,0.8999999999999999,Real Time Big Data,3,2026-09-08
BR023172026,Quaest,state,BR,1302,2026-09-04,2026-09-07,2026-09-08,2026-09-02,173166,0.8,Quaest,3,2026-09-08
BR056432026,Real Time Big Data,state,BR,1600,2026-09-03,2026-09-07,2026-09-08,2026-09-02,24000,0.8,Real Time Big Data,3,2026-09-08
BR044852026,Real Time Big Data,state,BR,1600,2026-09-03,2026-09-07,2026-09-08,2026-09-02,24000,0.8,Real Time Big Data,3,2026-09-08
BR047052026,Quaest,state,BR,1800,2026-09-04,2026-09-07,2026-09-08,2026-09-02,216900,0.8,Quaest,3,2026-09-08
BR016632026,Real Time Big Data,state,BR,1600,2026-09-03,2026-09-07,2026-09-08,2026-09-02,24000,0.8,Real Time Big Data,3,2026-09-08
BR067902026,NEXUS PESQUISA E INTELIGENCIA DE DADOS L,national,BR,2000,2026-09-04,2026-09-07,2026-09-08,2026-09-02,164888.89,0.7,NEXUS PESQUISA E INTELIGENCIA DE DADOS L,3,2026-09-08
BR044422026,Quaest,unknown,BR,1104,2026-09-04,2026-09-07,2026-09-08,2026-09-02,128064,0.8,Quaest,3,2026-09-08
BR003472026,SETA INSTITUTO DE PESQUISA LTDA,state,BR,700,2026-09-03,2026-09-04,2026-09-08,2026-09-02,6000,0.5,SETA INSTITUTO DE PESQUISA LTDA,3,2026-09-08
BR017202026,Quaest,national,BR,2004,2026-09-03,2026-09-06,2026-09-07,2026-09-01,314628,0.8999999999999999,Quaest,3,2026-09-07
BR039312026,ANDRE CAVALCANTE FALABELLA LTDA,state,BR,400,2026-08-30,2026-09-01,2026-09-07,2026-09-01,15000,0.4,ANDRE CAVALCANTE FALABELLA LTDA,3,2026-09-07
BR027142026,ANOVA - INOVACAO E INTELIGENCIA EM PESQU,state,BR,2000,2026-09-03,2026-09-05,2026-09-07,2026-09-01,20000,0.7,ANOVA - INOVACAO E INTELIGENCIA EM PESQU,3,2026-09-07
BR001402026,M B BARROS CONSULTORIA LTDA - ME,state,BR,5000,2026-09-02,2026-09-04,2026-09-06,2026-08-31,60000,0.7,M B BARROS CONSULTORIA LTDA - ME,3,2026-09-06
BR010552026,INSTITUTO TRAVESSIA DIAGNOSTICO LTDA,state,BR,800,2026-09-02,2026-09-05,2026-09-06,2026-08-31,32000,0.5,INSTITUTO TRAVESSIA DIAGNOSTICO LTDA,3,2026-09-06
BR094262026,Veritá,national,BR,3840,2026-09-01,2026-09-04,2026-09-06,2026-08-31,295680,0.7,Veritá,3,2026-09-06
BR087682026,DATA CAPITAL PESQUISAS E CONSULTORIA LTD,state,BR,850,2026-09-01,2026-09-02,2026-09-06,2026-08-31,8000,0.5,DATA CAPITAL PESQUISAS E CONSULTORIA LTD,3,2026-09-06
BR055172026,INSTITUTO GAZETA LTDA,state,BR,2000,2026-08-29,2026-09-05,2026-09-06,2026-08-31,15000,0.7,INSTITUTO GAZETA LTDA,3,2026-09-06
BR087662026,C. GOMES MARKETING,state,BR,2500,2026-09-01,2026-09-09,2026-09-06,2026-08-31,47500,0.7,C. GOMES MARKETING,3,2026-09-06
BR003412026,A J TECH LTDA,state,BR,1602,2026-08-24,2026-08-29,2026-09-05,2026-08-30,36000,0.6,A J TECH LTDA,3,2026-09-05
BR058522026,AtlasIntel,state,BR,1800,2026-08-30,2026-09-04,2026-09-05,2026-08-30,75000,0.8,AtlasIntel,3,2026-09-05
BR079242026,PIAUI VOX INSTITUTO DE PESQUISA E ASSESS,state,BR,500,2026-08-24,2026-08-26,2026-09-05,2026-08-30,13000,0.5,PIAUI VOX INSTITUTO DE PESQUISA E ASSESS,3,2026-09-05
BR089462026,AtlasIntel,state,BR,1200,2026-08-29,2026-09-03,2026-09-04,2026-08-29,65000,0.8,AtlasIntel,3,2026-09-04
BR031742026,Veritá,state,BR,1220,2026-08-29,2026-09-01,2026-09-04,2026-08-29,93940,0.6,Veritá,3,2026-09-04
BR017992026,AtlasIntel,state,BR,1200,2026-08-29,2026-09-03,2026-09-04,2026-08-29,65000,0.8,AtlasIntel,3,2026-09-04
BR083972026,Veritá,state,BR,1030,2026-08-29,2026-09-01,2026-09-04,2026-08-29,79310,0.6,Veritá,3,2026-09-04
BR045072026,Real Time Big Data,state,BR,1600,2026-08-31,2026-09-03,2026-09-04,2026-08-29,24000,0.8,Real Time Big Data,3,2026-09-04
BR047752026,INSTITUTO PIAUIENSE DE OPINIAO PUBLICA L,state,BR,1137,2026-08-29,2026-09-02,2026-09-04,2026-08-29,70000,0.6,INSTITUTO PIAUIENSE DE OPINIAO PUBLICA L,3,2026-09-04
BR050452026,Veritá,state,BR,1525,2026-08-29,2026-09-01,2026-09-04,2026-08-29,117425,0.6,Veritá,3,2026-09-04
BR054882026,Veritá,state,BR,2010,2026-08-29,2026-09-01,2026-09-04,2026-08-29,154770,0.7,Veritá,3,2026-09-04
BR099602026,Veritá,state,BR,2010,2026-08-29,2026-09-01,2026-09-04,2026-08-29,154770,0.7,Veritá,3,2026-09-04
BR091472026,INSTITUTO DATATRENDS LTDA,state,BR,1200,2026-08-31,2026-09-02,2026-09-04,2026-08-29,15000,0.6,INSTITUTO DATATRENDS LTDA,3,2026-09-04
BR067202026,100 Cidades,state,BR,1600,2026-09-01,2026-09-03,2026-09-04,2026-08-29,128000,0.6,100 Cidades,3,2026-09-04
BR066292026,Veritá,state,BR,1220,2026-08-29,2026-09-01,2026-09-04,2026-08-29,93940,0.6,Veritá,3,2026-09-04
BR065532026,BADRA COMUNICACAO LTDA,state,BR,1060,2026-09-01,2026-09-03,2026-09-04,2026-08-29,18000,0.6,BADRA COMUNICACAO LTDA,3,2026-09-04
BR065972026,INSTITUTO INDEXA PESQUISAS LTDA,state,BR,1500,2026-08-31,2026-09-02,2026-09-04,2026-08-29,80000,0.6,INSTITUTO INDEXA PESQUISAS LTDA,3,2026-09-04
BR097662026,Real Time Big Data,state,BR,1600,2026-08-31,2026-09-03,2026-09-04,2026-08-29,24000,0.8,Real Time Big Data,3,2026-09-04
BR063562026,Veritá,state,BR,1220,2026-08-29,2026-09-01,2026-09-04,2026-08-29,93940,0.6,Veritá,3,2026-09-04
BR052862026,Veritá,state,BR,1525,2026-08-29,2026-09-01,2026-09-04,2026-08-29,117425,0.6,Veritá,3,2026-09-04
BR010332026,AtlasIntel,state,BR,1200,2026-08-29,2026-09-03,2026-09-04,2026-08-29,65000,0.8,AtlasIntel,3,2026-09-04
BR045762026,Quaest,state,BR,900,2026-08-31,2026-09-03,2026-09-04,2026-08-29,112140,0.7,Quaest,3,2026-09-04
BR030462026,AtlasIntel,state,BR,1200,2026-08-29,2026-09-03,2026-09-04,2026-08-29,65000,0.8,AtlasIntel,3,2026-09-04
BR036692026,Datafolha,national,BR,2002,2026-09-01,2026-09-03,2026-09-03,2026-08-28,307641.6,0.8999999999999999,Datafolha,5,2026-09-03
BR051502026,BRASMARKET ANALISE E INVESTIGACAO DE MER,state,BR,1200,2026-08-31,2026-09-01,2026-09-03,2026-08-28,35000,0.6,BRASMARKET ANALISE E INVESTIGACAO DE MER,3,2026-09-03
BR028872026,INSTITUTO FRANCA DE PESQUISAS LTDA,state,BR,1326,2026-08-20,2026-08-26,2026-09-03,2026-08-28,25000,0.6,INSTITUTO FRANCA DE PESQUISAS LTDA,3,2026-09-03
BR058622026,Real Time Big Data,state,BR,1600,2026-08-29,2026-09-02,2026-09-03,2026-08-28,24000,0.8,Real Time Big Data,3,2026-09-03
BR037752026,EXATUS CONSULTORIA E PESQUISA LTDA,state,BR,1500,2026-08-31,2026-09-03,2026-09-03,2026-08-28,30000,0.6,EXATUS CONSULTORIA E PESQUISA LTDA,3,2026-09-03
BR049192026,Veritá,state,BR,1525,2026-08-29,2026-09-01,2026-09-03,2026-08-28,117425,0.6,Veritá,3,2026-09-03
BR077392026,AtlasIntel,state,BR,1800,2026-08-28,2026-09-02,2026-09-03,2026-08-28,150000,0.8,AtlasIntel,3,2026-09-03
BR043922026,VILANI E BARBOSA NEGOCIOS LTDA,state,BR,1495,2026-08-30,2026-09-02,2026-09-03,2026-08-28,12870,0.6,VILANI E BARBOSA NEGOCIOS LTDA,3,2026-09-03
BR085232026,FACTUM COMUNICACAO LTDA,state,BR,700,2026-08-31,2026-09-02,2026-09-03,2026-08-28,20000,0.5,FACTUM COMUNICACAO LTDA,3,2026-09-03
BR027932026,100 Cidades,national,BR,2000,2026-08-28,2026-09-01,2026-09-03,2026-08-28,160000,0.7,100 Cidades,3,2026-09-03
BR045402026,Veritá,state,BR,2020,2026-08-29,2026-09-01,2026-09-03,2026-08-28,155540,0.7,Veritá,3,2026-09-03
BR066562026,AtlasIntel,state,BR,1200,2026-08-28,2026-09-02,2026-09-03,2026-08-28,60000,0.8,AtlasIntel,3,2026-09-03
BR057482026,Veritá,state,BR,1220,2026-08-29,2026-09-01,2026-09-03,2026-08-28,93940,0.6,Veritá,3,2026-09-03
BR097742026,AtlasIntel,state,BR,1200,2026-08-28,2026-09-02,2026-09-03,2026-08-28,65000,0.8,AtlasIntel,3,2026-09-03
BR036362026,AtlasIntel,state,BR,1600,2026-08-28,2026-09-02,2026-09-03,2026-08-28,80000,0.8,AtlasIntel,3,2026-09-03
BR040832026,AtlasIntel,state,BR,1200,2026-08-28,2026-09-02,2026-09-03,2026-08-28,65000,0.8,AtlasIntel,3,2026-09-03
BR030622026,Veritá,state,BR,1220,2026-08-29,2026-09-01,2026-09-03,2026-08-28,93940,0.6,Veritá,3,2026-09-03
BR022642026,AtlasIntel,state,BR,1200,2026-08-28,2026-09-02,2026-09-03,2026-08-28,65000,0.8,AtlasIntel,3,2026-09-03
BR074112026,AtlasIntel,state,BR,1800,2026-08-28,2026-09-02,2026-09-03,2026-08-28,55000,0.8,AtlasIntel,3,2026-09-03
BR076082026,PERFIL PESQUISAS TECNICAS LTDA,state,BR,1600,2026-08-29,2026-09-01,2026-09-03,2026-08-28,15000,0.6,PERFIL PESQUISAS TECNICAS LTDA,3,2026-09-03
BR056352026,Datafolha,state,BR,1204,2026-08-31,2026-09-03,2026-09-03,2026-08-28,120300,0.8,Datafolha,5,2026-09-03
BR091182026,DATA CAPITAL PESQUISAS E CONSULTORIA LTD,state,BR,2150,2026-08-29,2026-09-01,2026-09-03,2026-08-28,19000,0.7,DATA CAPITAL PESQUISAS E CONSULTORIA LTD,3,2026-09-03
BR073912026,AtlasIntel,state,BR,1600,2026-08-28,2026-09-02,2026-09-03,2026-08-28,70000,0.8,AtlasIntel,3,2026-09-03
BR046782026,Real Time Big Data,state,BR,1600,2026-08-29,2026-09-02,2026-09-03,2026-08-28,24000,0.8,Real Time Big Data,3,2026-09-03
BR055082026,VILANI E BARBOSA NEGOCIOS LTDA,state,BR,1495,2026-08-30,2026-09-02,2026-09-03,2026-08-28,12870,0.6,VILANI E BARBOSA NEGOCIOS LTDA,3,2026-09-03
BR032462026,Veritá,state,BR,1030,2026-08-29,2026-09-01,2026-09-03,2026-08-28,79310,0.6,Veritá,3,2026-09-03
BR079792026,BADRA COMUNICACAO LTDA,state,BR,1500,2026-08-31,2026-09-02,2026-09-03,2026-08-28,18000,0.6,BADRA COMUNICACAO LTDA,3,2026-09-03
BR075612026,"PODERDATA PESQUISA, JORNALISMO E COMUNIC",national,BR,3000,2026-08-30,2026-09-02,2026-09-03,2026-08-28,103715,0.7,"PODERDATA PESQUISA, JORNALISMO E COMUNIC",3,2026-09-03
BR061192026,AtlasIntel,state,BR,1200,2026-08-28,2026-09-01,2026-09-02,2026-08-27,55000,0.8,AtlasIntel,3,2026-09-02
BR083332026,Real Time Big Data,state,BR,1600,2026-08-28,2026-09-01,2026-09-02,2026-08-27,24000,0.8,Real Time Big Data,3,2026-09-02
BR060802026,AtlasIntel,state,BR,1200,2026-08-27,2026-09-01,2026-09-02,2026-08-27,65000,0.8,AtlasIntel,3,2026-09-02
BR086852026,AtlasIntel,state,BR,2000,2026-08-29,2026-09-01,2026-09-02,2026-08-27,108500,0.8999999999999999,AtlasIntel,3,2026-09-02
BR085822026,AtlasIntel,state,BR,1800,2026-08-27,2026-09-01,2026-09-02,2026-08-27,75000,0.8,AtlasIntel,3,2026-09-02
BR047262026,AtlasIntel,state,BR,1200,2026-08-27,2026-09-01,2026-09-02,2026-08-27,65000,0.8,AtlasIntel,3,2026-09-02
BR002532026,INTELIGENCIA EM PESQUISA E CONSULTORIA L,state,BR,800,2026-08-27,2026-09-02,2026-09-02,2026-08-27,156000,0.5,INTELIGENCIA EM PESQUISA E CONSULTORIA L,3,2026-09-02
BR078052026,AtlasIntel,state,BR,1800,2026-08-27,2026-09-01,2026-09-02,2026-08-27,75000,0.8,AtlasIntel,3,2026-09-02
BR070652026,Quaest,national,BR,2004,2026-08-30,2026-09-01,2026-09-02,2026-08-27,314628,0.8999999999999999,Quaest,3,2026-09-02
BR048432026,AtlasIntel,state,BR,1200,2026-08-27,2026-09-01,2026-09-02,2026-08-27,65000,0.8,AtlasIntel,3,2026-09-02
BR059582026,PARLA MENTORS CONSULTORIA LTDA,state,BR,1500,2026-08-23,2026-08-27,2026-09-02,2026-08-27,20000,0.6,PARLA MENTORS CONSULTORIA LTDA,3,2026-09-02
BR064312026,AtlasIntel,state,BR,1200,2026-08-27,2026-09-01,2026-09-02,2026-08-27,65000,0.8,AtlasIntel,3,2026-09-02
BR015162026,INSTITUTO NOVO PERFIL PESQUISAS LTDA,state,BR,1480,2026-08-25,2026-08-29,2026-09-01,2026-08-26,44000,0.6,INSTITUTO NOVO PERFIL PESQUISAS LTDA,3,2026-09-01
BR036212026,INSTITUTO VOX BRASIL OPINIAO E PESQUISAS,state,BR,1200,2026-08-27,2026-08-28,2026-09-01,2026-08-26,10000,0.6,INSTITUTO VOX BRASIL OPINIAO E PESQUISAS,3,2026-09-01
BR063222026,AtlasIntel,state,BR,1800,2026-08-26,2026-08-31,2026-09-01,2026-08-26,75000,0.8,AtlasIntel,3,2026-09-01
BR004052026,FALPE PESQUISAS S/S LTDA,state,BR,5000,2026-08-16,2026-08-25,2026-09-01,2026-08-26,50000,0.7,FALPE PESQUISAS S/S LTDA,3,2026-09-01
BR025632026,AtlasIntel,state,BR,1800,2026-08-26,2026-08-31,2026-09-01,2026-08-26,75000,0.8,AtlasIntel,3,2026-09-01
BR059012026,AtlasIntel,state,BR,1800,2026-08-26,2026-08-31,2026-09-01,2026-08-26,75000,0.8,AtlasIntel,3,2026-09-01
BR064592026,AtlasIntel,state,BR,1200,2026-08-26,2026-08-31,2026-09-01,2026-08-26,65000,0.8,AtlasIntel,3,2026-09-01
BR034902026,Real Time Big Data,national,BR,2000,2026-08-27,2026-08-31,2026-09-01,2026-08-26,30000,0.8999999999999999,Real Time Big Data,3,2026-09-01
BR037332026,Real Time Big Data,national,BR,2000,2026-08-26,2026-08-29,2026-08-31,2026-08-25,30000,0.8999999999999999,Real Time Big Data,3,2026-08-31
BR044032026,ERIVALDO TRINDADE DE ARAUJO,state,BR,800,2026-08-27,2026-08-29,2026-08-31,2026-08-25,7500,0.5,ERIVALDO TRINDADE DE ARAUJO,3,2026-08-31
BR089002026,NEXUS PESQUISA E INTELIGENCIA DE DADOS L,national,BR,2000,2026-08-28,2026-08-30,2026-08-31,2026-08-25,164888.89,0.7,NEXUS PESQUISA E INTELIGENCIA DE DADOS L,3,2026-08-31
BR005302026,INSTITUTO DE PESQUISAS PERFIL LTDA,unknown,BR,1800,2026-08-27,2026-08-30,2026-08-31,2026-08-25,40000,0.6,INSTITUTO DE PESQUISAS PERFIL LTDA,3,2026-08-31
BR079722026,AtlasIntel,national,BR,5000,2026-08-25,2026-08-30,2026-08-31,2026-08-25,75000,0.8999999999999999,AtlasIntel,3,2026-08-31
BR033962026,INSTITUTO DATATRENDS LTDA,state,BR,1200,2026-08-25,2026-08-27,2026-08-30,2026-08-24,15000,0.6,INSTITUTO DATATRENDS LTDA,3,2026-08-30
BR079892026,PERFIL PESQUISAS TECNICAS LTDA,state,BR,700,2026-08-21,2026-08-23,2026-08-30,2026-08-24,7000,0.5,PERFIL PESQUISAS TECNICAS LTDA,3,2026-08-30
BR027722026,SECTRAL SERVICOS E COMERCIO EM GERAL LTD,unknown,BR,1100,2026-08-25,2026-08-29,2026-08-30,2026-08-25,11000,0.6,SECTRAL SERVICOS E COMERCIO EM GERAL LTD,3,2026-08-30
BR051142026,INSTITUTO GAZETA LTDA,state,BR,3000,2026-08-20,2026-08-29,2026-08-30,2026-08-24,12000,0.7,INSTITUTO GAZETA LTDA,3,2026-08-30
BR085622026,INSTITUTO DATATRENDS LTDA,state,BR,1200,2026-08-26,2026-08-28,2026-08-30,2026-08-24,15000,0.6,INSTITUTO DATATRENDS LTDA,3,2026-08-30
BR018182026,MENSURY PESQUISAS LTDA,state,BR,1500,2026-08-15,2026-08-19,2026-08-30,2026-08-24,20000,0.6,MENSURY PESQUISAS LTDA,3,2026-08-30
BR035152026,IPAT - INSTITUTO DE PESQUISAS A TRIBUNA ,unknown,BR,1200,2026-08-20,2026-08-26,2026-08-30,2026-08-24,22102.05,0.6,IPAT - INSTITUTO DE PESQUISAS A TRIBUNA ,3,2026-08-30
BR034532026,INSTITUTO GAZETA LTDA,state,BR,2000,2026-08-25,2026-08-29,2026-08-30,2026-08-24,12000,0.7,INSTITUTO GAZETA LTDA,3,2026-08-30
BR036882026,Veritá,state,BR,1220,2026-08-24,2026-08-28,2026-08-29,2026-08-23,93940,0.6,Veritá,3,2026-08-29
BR033462026,Veritá,state,BR,2030,2026-08-24,2026-08-28,2026-08-29,2026-08-23,156310,0.7,Veritá,3,2026-08-29
BR054622026,Veritá,state,BR,2020,2026-08-24,2026-08-28,2026-08-29,2026-08-23,155540,0.7,Veritá,3,2026-08-29
BR099652026,Veritá,state,BR,1220,2026-08-24,2026-08-28,2026-08-29,2026-08-23,93940,0.6,Veritá,3,2026-08-29
BR019272026,INSTITUTO DATATRENDS LTDA,state,BR,1200,2026-08-25,2026-08-27,2026-08-29,2026-08-23,15000,0.6,INSTITUTO DATATRENDS LTDA,3,2026-08-29
BR095242026,Veritá,state,BR,1220,2026-08-24,2026-08-28,2026-08-29,2026-08-23,93940,0.6,Veritá,3,2026-08-29
BR053092026,Quaest,state,BR,804,2026-08-25,2026-08-28,2026-08-29,2026-08-23,92259,0.7,Quaest,3,2026-08-29
BR082902026,Veritá,state,BR,1030,2026-08-24,2026-08-28,2026-08-29,2026-08-23,79310,0.6,Veritá,3,2026-08-29
BR055192026,INSTITUTO VOX BRASIL OPINIAO E PESQUISAS,national,BR,2100,2026-08-25,2026-08-27,2026-08-29,2026-08-23,50000,0.7,INSTITUTO VOX BRASIL OPINIAO E PESQUISAS,3,2026-08-29
BR081102026,Veritá,state,BR,1220,2026-08-24,2026-08-28,2026-08-29,2026-08-23,93940,0.6,Veritá,3,2026-08-29
BR034342026,DATAVERO PESQUISA E CONSULTORIA LTDA,unknown,BR,1500,2026-08-23,2026-08-25,2026-08-28,2026-08-22,20000,0.6,DATAVERO PESQUISA E CONSULTORIA LTDA,3,2026-08-28
BR071712026,Real Time Big Data,state,BR,1600,2026-08-24,2026-08-27,2026-08-28,2026-08-22,24000,0.8,Real Time Big Data,3,2026-08-28
BR084922026,Real Time Big Data,state,BR,1600,2026-08-24,2026-08-27,2026-08-28,2026-08-22,24000,0.8,Real Time Big Data,3,2026-08-28
BR067942026,PARLA MENTORS CONSULTORIA LTDA,state,BR,1500,2026-08-23,2026-08-27,2026-08-28,2026-08-22,20000,0.6,PARLA MENTORS CONSULTORIA LTDA,3,2026-08-28
BR018822026,RANKING BRASIL INTELIGENCIA LTDA,state,BR,2000,2026-08-23,2026-08-27,2026-08-28,2026-08-22,20000,0.7,RANKING BRASIL INTELIGENCIA LTDA,3,2026-08-28
BR040412026,CAMARA DE DIRIGENTES LOJISTAS DE ARACAJU,state,BR,20000,2026-09-01,2026-09-03,2026-08-28,2026-08-22,2000,0.7,CAMARA DE DIRIGENTES LOJISTAS DE ARACAJU,3,2026-08-28
BR070152026,Quaest,state,BR,804,2026-08-23,2026-08-26,2026-08-27,2026-08-21,134871,0.7,Quaest,3,2026-08-27
BR072812026,Quaest,state,BR,804,2026-08-23,2026-08-26,2026-08-27,2026-08-21,80400,0.7,Quaest,3,2026-08-27
BR095172026,CONSULTORIA E PESQUISA TECNICA LTDA,state,BR,1700,2026-08-21,2026-08-23,2026-08-27,2026-08-21,40000,0.6,CONSULTORIA E PESQUISA TECNICA LTDA,3,2026-08-27
BR078102026,Quaest,state,BR,804,2026-08-23,2026-08-26,2026-08-27,2026-08-21,99093,0.7,Quaest,3,2026-08-27
BR089892026,Veritá,state,BR,2010,2026-08-21,2026-08-25,2026-08-27,2026-08-21,154770,0.7,Veritá,3,2026-08-27
BR049742026,"PODERDATA PESQUISA, JORNALISMO E COMUNIC",national,BR,2400,2026-08-23,2026-08-26,2026-08-27,2026-08-21,103715,0.7,"PODERDATA PESQUISA, JORNALISMO E COMUNIC",3,2026-08-27
BR037062026,Real Time Big Data,state,BR,1600,2026-08-22,2026-08-26,2026-08-27,2026-08-21,24000,0.8,Real Time Big Data,3,2026-08-27
BR031472026,Real Time Big Data,state,BR,2000,2026-08-22,2026-08-26,2026-08-27,2026-08-21,30000,0.8999999999999999,Real Time Big Data,3,2026-08-27
BR053202026,NEOBE GESTAO E SERVICOS LTDA,state,BR,1008,2026-08-25,2026-08-27,2026-08-27,2026-08-21,25000,0.6,NEOBE GESTAO E SERVICOS LTDA,3,2026-08-27
BR089262026,Quaest,state,BR,804,2026-08-23,2026-08-26,2026-08-27,2026-08-21,132861,0.7,Quaest,3,2026-08-27
BR072962026,INSTITUTO NOVO PERFIL PESQUISAS LTDA,state,BR,1430,2026-08-20,2026-08-27,2026-08-27,2026-08-21,55000,0.6,INSTITUTO NOVO PERFIL PESQUISAS LTDA,3,2026-08-27
BR008282026,100 Cidades,state,BR,1000,2026-08-24,2026-08-25,2026-08-27,2026-08-21,63400,0.6,100 Cidades,3,2026-08-27
BR088702026,Quaest,state,BR,900,2026-08-23,2026-08-26,2026-08-27,2026-08-21,130770,0.7,Quaest,3,2026-08-27
BR062552026,Quaest,state,BR,804,2026-08-23,2026-08-26,2026-08-27,2026-08-21,95877,0.7,Quaest,3,2026-08-27
BR063662026,INSTITUTO INDEXA PESQUISAS LTDA,national,BR,2000,2026-08-20,2026-08-23,2026-08-26,2026-08-20,164000,0.7,INSTITUTO INDEXA PESQUISAS LTDA,3,2026-08-26
BR026432026,DCASTRO COMUNICACAO E MARKETING LTDA,state,BR,1200,2026-08-19,2026-08-24,2026-08-26,2026-08-20,43500,0.6,DCASTRO COMUNICACAO E MARKETING LTDA,3,2026-08-26
BR090782026,NEOBE GESTAO E SERVICOS LTDA,state,BR,1008,2026-08-24,2026-08-26,2026-08-26,2026-08-20,25000,0.6,NEOBE GESTAO E SERVICOS LTDA,3,2026-08-26
BR067082026,Real Time Big Data,state,BR,1600,2026-08-21,2026-08-25,2026-08-26,2026-08-20,24000,0.8,Real Time Big Data,3,2026-08-26
BR078062026,JOTA JORNALISMO S/A,national,BR,6000,2026-07-27,2026-08-24,2026-08-26,2026-08-20,110000,0.7,JOTA JORNALISMO S/A,3,2026-08-26
BR091402026,Real Time Big Data,state,BR,1600,2026-08-21,2026-08-25,2026-08-26,2026-08-20,24000,0.8,Real Time Big Data,3,2026-08-26
BR008172026,Quaest,state,BR,804,2026-08-21,2026-08-24,2026-08-25,2026-08-19,104118,0.7,Quaest,3,2026-08-25
BR020962026,Quaest,state,BR,1800,2026-08-21,2026-08-24,2026-08-25,2026-08-19,216900,0.8,Quaest,3,2026-08-25
BR028232026,Real Time Big Data,state,BR,1600,2026-08-20,2026-08-24,2026-08-25,2026-08-19,24000,0.8,Real Time Big Data,3,2026-08-25
BR059072026,M B BARROS CONSULTORIA LTDA - ME,state,BR,5000,2026-08-20,2026-08-22,2026-08-25,2026-08-19,60000,0.7,M B BARROS CONSULTORIA LTDA - ME,3,2026-08-25
BR091352026,Quaest,state,BR,804,2026-08-21,2026-08-24,2026-08-25,2026-08-19,117384,0.7,Quaest,3,2026-08-25
BR088272026,Quaest,state,BR,804,2026-08-21,2026-08-24,2026-08-25,2026-08-19,128841,0.7,Quaest,3,2026-08-25
BR006992026,Quaest,state,BR,804,2026-08-21,2026-08-24,2026-08-25,2026-08-19,97887,0.7,Quaest,3,2026-08-25
BR042812026,Quaest,state,BR,1302,2026-08-21,2026-08-24,2026-08-25,2026-08-19,173166,0.8,Quaest,3,2026-08-25
BR035472026,Gerp,national,BR,2400,2026-08-20,2026-08-23,2026-08-25,2026-08-19,20000,0.7,Gerp,3,2026-08-25
BR004902026,Quaest,state,BR,804,2026-08-21,2026-08-24,2026-08-25,2026-08-19,131253,0.7,Quaest,3,2026-08-25
BR043122026,Quaest,state,BR,804,2026-08-21,2026-08-24,2026-08-25,2026-08-19,104922,0.7,Quaest,3,2026-08-25
BR050122026,A. F. BARBOSA & CIA. LTDA - ME,state,BR,782,2026-08-19,2026-08-23,2026-08-25,2026-08-19,12500,0.5,A. F. BARBOSA & CIA. LTDA - ME,3,2026-08-25
BR071842026,F. FACANHA DE ALMEIDA,state,BR,1006,2026-08-20,2026-08-24,2026-08-25,2026-08-19,26000,0.6,F. FACANHA DE ALMEIDA,3,2026-08-25
BR098952026,Quaest,state,BR,1302,2026-08-21,2026-08-24,2026-08-25,2026-08-19,158844,0.8,Quaest,3,2026-08-25
BR098182026,Quaest,state,BR,1506,2026-08-21,2026-08-24,2026-08-25,2026-08-19,212346,0.8,Quaest,3,2026-08-25
BR024032026,Quaest,state,BR,1104,2026-08-21,2026-08-24,2026-08-25,2026-08-19,128064,0.8,Quaest,3,2026-08-25
BR062522026,Quaest,state,BR,804,2026-08-21,2026-08-24,2026-08-25,2026-08-19,124620,0.7,Quaest,3,2026-08-25
BR075882026,Veritá,state,BR,1525,2026-08-19,2026-08-23,2026-08-24,2026-08-18,117425,0.6,Veritá,3,2026-08-24
BR024452026,SETA INSTITUTO DE PESQUISA LTDA,state,BR,1500,2026-08-19,2026-08-21,2026-08-24,2026-08-18,15000,0.6,SETA INSTITUTO DE PESQUISA LTDA,3,2026-08-24
BR050042026,Veritá,state,BR,2030,2026-08-19,2026-08-23,2026-08-24,2026-08-18,156310,0.7,Veritá,3,2026-08-24
BR046052026,Veritá,state,BR,1525,2026-08-19,2026-08-23,2026-08-24,2026-08-18,117425,0.6,Veritá,3,2026-08-24
BR090282026,NEXUS PESQUISA E INTELIGENCIA DE DADOS L,national,BR,2000,2026-08-21,2026-08-23,2026-08-24,2026-08-18,164888.89,0.7,NEXUS PESQUISA E INTELIGENCIA DE DADOS L,3,2026-08-24
BR086122026,Quaest,state,BR,900,2026-08-20,2026-08-23,2026-08-24,2026-08-18,141660,0.7,Quaest,3,2026-08-24
BR037612026,Quaest,state,BR,804,2026-08-20,2026-08-23,2026-08-24,2026-08-18,104319,0.7,Quaest,3,2026-08-24
BR004992026,Veritá,state,BR,1220,2026-08-19,2026-08-23,2026-08-24,2026-08-18,93940,0.6,Veritá,3,2026-08-24
BR045232026,Veritá,state,BR,1220,2026-08-19,2026-08-23,2026-08-24,2026-08-18,93940,0.6,Veritá,3,2026-08-24
BR030452026,Veritá,state,BR,1220,2026-08-19,2026-08-23,2026-08-24,2026-08-18,93940,0.6,Veritá,3,2026-08-24
BR013892026,Quaest,state,BR,900,2026-08-20,2026-08-23,2026-08-24,2026-08-18,106290,0.7,Quaest,3,2026-08-24
BR086532026,Veritá,state,BR,1220,2026-08-19,2026-08-23,2026-08-24,2026-08-18,93940,0.6,Veritá,3,2026-08-24
BR071602026,Quaest,state,BR,804,2026-08-20,2026-08-23,2026-08-24,2026-08-18,106329,0.7,Quaest,3,2026-08-24
BR090912026,Quaest,state,BR,804,2026-08-20,2026-08-23,2026-08-24,2026-08-18,88440,0.7,Quaest,3,2026-08-24
BR063842026,Quaest,state,BR,804,2026-08-20,2026-08-23,2026-08-24,2026-08-18,104118,0.7,Quaest,3,2026-08-24
BR038372026,V. C. H. A. SERVICOS LTDA.,state,BR,1400,2026-08-17,2026-08-22,2026-08-24,2026-08-18,60000,0.6,V. C. H. A. SERVICOS LTDA.,3,2026-08-24
BR087762026,Real Time Big Data,state,BR,1600,2026-08-19,2026-08-22,2026-08-24,2026-08-18,24000,0.8,Real Time Big Data,3,2026-08-24
BR065372026,Real Time Big Data,state,BR,2000,2026-08-19,2026-08-22,2026-08-24,2026-08-18,30000,0.8999999999999999,Real Time Big Data,3,2026-08-24
BR019262026,Veritá,state,BR,2010,2026-08-19,2026-08-23,2026-08-24,2026-08-18,154770,0.7,Veritá,3,2026-08-24
BR064772026,Veritá,state,BR,3025,2026-08-19,2026-08-23,2026-08-24,2026-08-18,232925,0.7,Veritá,3,2026-08-24
BR007412026,DATA CONTROL INSTITUTO DE PESQUISA LTDA ,state,BR,1620,2026-08-17,2026-08-23,2026-08-23,2026-08-17,20000,0.6,DATA CONTROL INSTITUTO DE PESQUISA LTDA ,3,2026-08-23
BR087572026,INSTITUTO DE PESQUISAS PERFIL LTDA,unknown,BR,1000,2026-08-18,2026-08-20,2026-08-23,2026-08-17,20000,0.6,INSTITUTO DE PESQUISAS PERFIL LTDA,3,2026-08-23
BR077072026,Ideia/Canal Meio,state,BR,1000,2026-08-18,2026-08-21,2026-08-23,2026-08-17,35000,0.6,Ideia/Canal Meio,3,2026-08-23
BR038682026,"INSTITUTO OPNUS DE PESQUISA, CONSULTORIA",state,BR,1200,2026-08-17,2026-08-22,2026-08-23,2026-08-17,148800,0.6,"INSTITUTO OPNUS DE PESQUISA, CONSULTORIA",3,2026-08-23
BR082752026,DATA TEMPO LIMITADA,state,BR,1000,2026-08-17,2026-08-20,2026-08-23,2026-08-17,55780,0.6,DATA TEMPO LIMITADA,3,2026-08-23
BR087652026,INSTITUTO DE PESQUISAS PERFIL LTDA,unknown,BR,1000,2026-08-18,2026-08-20,2026-08-22,2026-08-16,20000,0.6,INSTITUTO DE PESQUISAS PERFIL LTDA,3,2026-08-22
BR067832026,"INSTITUTO OPNUS DE PESQUISA, CONSULTORIA",state,BR,1200,2026-08-17,2026-08-21,2026-08-22,2026-08-16,148800,0.6,"INSTITUTO OPNUS DE PESQUISA, CONSULTORIA",3,2026-08-22
BR071852026,Datafolha,state,BR,1610,2026-08-18,2026-08-21,2026-08-21,2026-08-15,185706.64,0.8,Datafolha,5,2026-08-21
BR001092026,Datafolha,state,BR,1204,2026-08-18,2026-08-21,2026-08-21,2026-08-15,153527.92,0.8,Datafolha,5,2026-08-21
BR074552026,MT DADOS ASSESSORIA E MARKETING LTDA,state,BR,3080,2026-08-15,2026-08-20,2026-08-21,2026-08-15,65000,0.7,MT DADOS ASSESSORIA E MARKETING LTDA,3,2026-08-21
BR084482026,Datafolha,state,BR,1204,2026-08-18,2026-08-20,2026-08-21,2026-08-15,130418.94,0.8,Datafolha,5,2026-08-21
BR043962026,Datafolha,state,BR,1204,2026-08-18,2026-08-21,2026-08-21,2026-08-15,162051.6,0.8,Datafolha,5,2026-08-21
BR094792026,ESTIMATIVA EDITORA COMUNICACAO E GRAFICA,state,BR,301,2026-08-16,2026-08-17,2026-08-21,2026-08-15,2800,0.4,ESTIMATIVA EDITORA COMUNICACAO E GRAFICA,3,2026-08-21
BR044962026,Datafolha,national,BR,2058,2026-08-18,2026-08-20,2026-08-21,2026-08-15,307641.6,0.8999999999999999,Datafolha,5,2026-08-21
BR040062026,Veritá,national,BR,3840,2026-08-16,2026-08-20,2026-08-21,2026-08-15,295680,0.7,Veritá,3,2026-08-21
BR056722026,Datafolha,state,BR,826,2026-08-18,2026-08-21,2026-08-21,2026-08-15,115326.63,0.7,Datafolha,5,2026-08-21
BR020942026,Datafolha,state,BR,910,2026-08-18,2026-08-21,2026-08-21,2026-08-15,100890.12,0.7,Datafolha,5,2026-08-21
BR087912026,Real Time Big Data,state,BR,1600,2026-08-15,2026-08-19,2026-08-20,2026-08-14,24000,0.8,Real Time Big Data,3,2026-08-20
BR062672026,AtlasIntel,state,BR,1200,2026-08-14,2026-08-19,2026-08-20,2026-08-14,60000,0.8,AtlasIntel,3,2026-08-20
BR057142026,INSTITUTO PIAUIENSE DE OPINIAO PUBLICA L,state,BR,1137,2026-08-08,2026-08-12,2026-08-20,2026-08-14,70000,0.6,INSTITUTO PIAUIENSE DE OPINIAO PUBLICA L,3,2026-08-20
BR062312026,INTELIGENCIA EM PESQUISA E CONSULTORIA L,state,BR,800,2026-08-13,2026-08-19,2026-08-19,2026-08-13,90000,0.5,INTELIGENCIA EM PESQUISA E CONSULTORIA L,3,2026-08-19
BR027862026,"ECM - EDICAO, COMUNICACAO & MARKETING LT",state,BR,1500,2026-08-09,2026-08-12,2026-08-19,2026-08-13,30000,0.6,"ECM - EDICAO, COMUNICACAO & MARKETING LT",3,2026-08-19
BR079472026,INSTITUTO DATATRENDS LTDA,state,BR,1200,2026-08-15,2026-08-17,2026-08-19,2026-08-13,15000,0.6,INSTITUTO DATATRENDS LTDA,3,2026-08-19
BR054232026,Real Time Big Data,national,BR,1600,2026-08-14,2026-08-18,2026-08-19,2026-08-13,24000,0.8,Real Time Big Data,3,2026-08-19
BR019012026,NEXUS PESQUISA E INTELIGENCIA DE DADOS L,state,BR,1200,2026-08-13,2026-08-18,2026-08-19,2026-08-13,90000,0.6,NEXUS PESQUISA E INTELIGENCIA DE DADOS L,3,2026-08-19
BR061882026,PERFIL PESQUISAS TECNICAS LTDA,state,BR,1600,2026-08-13,2026-08-16,2026-08-19,2026-08-13,15000,0.6,PERFIL PESQUISAS TECNICAS LTDA,3,2026-08-19
BR009762026,Ideia/Canal Meio,state,BR,1500,2026-08-14,2026-08-18,2026-08-19,2026-08-13,35000,0.6,Ideia/Canal Meio,3,2026-08-19
BR092752026,Real Time Big Data,state,BR,1600,2026-08-13,2026-08-17,2026-08-18,2026-08-12,24000,0.8,Real Time Big Data,3,2026-08-18
BR085922026,Real Time Big Data,state,BR,1600,2026-08-12,2026-08-15,2026-08-17,2026-08-11,24000,0.8,Real Time Big Data,3,2026-08-17
BR098032026,"JS PORTAIS, COMUNICACAO E PUBLICIDADE LT",state,BR,1200,2026-08-11,2026-08-13,2026-08-17,2026-08-11,45000,0.6,"JS PORTAIS, COMUNICACAO E PUBLICIDADE LT",3,2026-08-17
BR033172026,NEXUS PESQUISA E INTELIGENCIA DE DADOS L,national,BR,2000,2026-08-14,2026-08-16,2026-08-17,2026-08-11,164888.89,0.7,NEXUS PESQUISA E INTELIGENCIA DE DADOS L,3,2026-08-17
BR005232026,BADRA COMUNICACAO LTDA,state,BR,1500,2026-08-12,2026-08-18,2026-08-17,2026-08-11,18000,0.6,BADRA COMUNICACAO LTDA,3,2026-08-17
BR099232026,INSTITUTO DATATRENDS LTDA,state,BR,1200,2026-08-12,2026-08-14,2026-08-17,2026-08-11,15000,0.6,INSTITUTO DATATRENDS LTDA,3,2026-08-17
BR080202026,DMP PESQUISA E EVENTOS LTDA,state,BR,2000,2026-08-11,2026-08-14,2026-08-17,2026-08-11,40000,0.7,DMP PESQUISA E EVENTOS LTDA,3,2026-08-17
BR014952026,PERCENT PESQUISA DE MERCADO E OPINIAO LT,state,BR,1200,2026-08-07,2026-08-10,2026-08-16,2026-08-10,29550,0.6,PERCENT PESQUISA DE MERCADO E OPINIAO LT,3,2026-08-16
BR006622026,INSTITUTO PIAUIENSE DE OPINIAO PUBLICA L,state,BR,1700,2026-08-04,2026-08-08,2026-08-16,2026-08-10,51000,0.6,INSTITUTO PIAUIENSE DE OPINIAO PUBLICA L,3,2026-08-16
BR093462026,INSTITUTO DATA CENSUS POTIGUAR LTDA,state,BR,500,2026-08-08,2026-08-10,2026-08-16,2026-08-10,5000,0.5,INSTITUTO DATA CENSUS POTIGUAR LTDA,3,2026-08-16
BR022442026,INSTITUTO VOX BRASIL OPINIAO E PESQUISAS,state,BR,2000,2026-08-11,2026-08-14,2026-08-16,2026-08-10,20000,0.7,INSTITUTO VOX BRASIL OPINIAO E PESQUISAS,3,2026-08-16
BR001362026,AMERICAN ANALYTICS DO BRASIL CONSULTORIA,state,BR,1000,2026-08-10,2026-08-14,2026-08-16,2026-08-10,20000,0.6,AMERICAN ANALYTICS DO BRASIL CONSULTORIA,3,2026-08-16
BR060052026,Doxa,state,BR,2000,2026-08-10,2026-08-15,2026-08-16,2026-08-10,50000,0.7,Doxa,3,2026-08-16
BR086952026,ERIVALDO TRINDADE DE ARAUJO,state,BR,1250,2026-08-10,2026-08-14,2026-08-15,2026-08-09,15000,0.6,ERIVALDO TRINDADE DE ARAUJO,3,2026-08-15
BR067732026,Quaest,national,BR,2004,2026-08-10,2026-08-13,2026-08-14,2026-08-08,314628,0.8999999999999999,Quaest,3,2026-08-14
BR053372026,DATAVERO PESQUISA E CONSULTORIA LTDA,state,BR,1500,2026-08-10,2026-08-12,2026-08-14,2026-08-08,20000,0.6,DATAVERO PESQUISA E CONSULTORIA LTDA,3,2026-08-14
BR094182026,CONSULTORIA E PESQUISA TECNICA LTDA,state,BR,1700,2026-08-08,2026-08-10,2026-08-14,2026-08-08,40000,0.6,CONSULTORIA E PESQUISA TECNICA LTDA,3,2026-08-14
BR064872026,"ECM - EDICAO, COMUNICACAO & MARKETING LT",state,BR,1500,2026-08-09,2026-08-12,2026-08-14,2026-08-08,30000,0.6,"ECM - EDICAO, COMUNICACAO & MARKETING LT",3,2026-08-14
BR068682026,"PODERDATA PESQUISA, JORNALISMO E COMUNIC",national,BR,2400,2026-08-09,2026-08-12,2026-08-13,2026-08-07,103715,0.7,"PODERDATA PESQUISA, JORNALISMO E COMUNIC",3,2026-08-13
BR058082026,INSTITUTO FRANCA DE PESQUISAS LTDA,state,BR,2400,2026-08-10,2026-08-12,2026-08-13,2026-08-07,50000,0.7,INSTITUTO FRANCA DE PESQUISAS LTDA,3,2026-08-13
BR085412026,INSTITUTO VOX BRASIL OPINIAO E PESQUISAS,state,BR,2000,2026-08-08,2026-08-11,2026-08-13,2026-08-07,20000,0.7,INSTITUTO VOX BRASIL OPINIAO E PESQUISAS,3,2026-08-13
BR034932026,RANKING BRASIL INTELIGENCIA LTDA,state,BR,2000,2026-08-07,2026-08-12,2026-08-13,2026-08-07,20000,0.7,RANKING BRASIL INTELIGENCIA LTDA,3,2026-08-13
BR078402026,INSTITUTO DATA CENSUS POTIGUAR LTDA,state,BR,2000,2026-08-10,2026-08-13,2026-08-13,2026-08-07,10000,0.7,INSTITUTO DATA CENSUS POTIGUAR LTDA,3,2026-08-13
BR009942026,Datafolha,state,BR,1022,2026-08-10,2026-08-13,2026-08-13,2026-08-07,102400,0.8,Datafolha,5,2026-08-13
BR006092026,SETA INSTITUTO DE PESQUISA LTDA,state,BR,800,2026-08-08,2026-08-09,2026-08-13,2026-08-07,7000,0.5,SETA INSTITUTO DE PESQUISA LTDA,3,2026-08-13
BR083142026,AtlasIntel,state,BR,1800,2026-08-06,2026-08-11,2026-08-12,2026-08-06,55000,0.8,AtlasIntel,3,2026-08-12
BR068332026,Real Time Big Data,state,BR,1600,2026-08-07,2026-08-11,2026-08-12,2026-08-06,24000,0.8,Real Time Big Data,3,2026-08-12
BR060482026,NEOBE GESTAO E SERVICOS LTDA,state,BR,1008,2026-08-10,2026-08-12,2026-08-12,2026-08-06,25000,0.6,NEOBE GESTAO E SERVICOS LTDA,3,2026-08-12
BR022282026,SETA INSTITUTO DE PESQUISA LTDA,state,BR,450,2026-08-07,2026-08-08,2026-08-12,2026-08-06,5000,0.4,SETA INSTITUTO DE PESQUISA LTDA,3,2026-08-12
BR009302026,RANKING BRASIL INTELIGENCIA LTDA,state,BR,2000,2026-08-06,2026-08-11,2026-08-12,2026-08-06,20000,0.7,RANKING BRASIL INTELIGENCIA LTDA,3,2026-08-12
BR042442026,ANDRE CAVALCANTE FALABELLA LTDA,state,BR,900,2026-08-08,2026-08-11,2026-08-12,2026-08-06,20000,0.5,ANDRE CAVALCANTE FALABELLA LTDA,3,2026-08-12
BR077012026,SETA INSTITUTO DE PESQUISA LTDA,state,BR,1500,2026-08-07,2026-08-09,2026-08-12,2026-08-06,15000,0.6,SETA INSTITUTO DE PESQUISA LTDA,3,2026-08-12
BR048402026,RANKING BRASIL INTELIGENCIA LTDA,state,BR,2000,2026-08-06,2026-08-11,2026-08-12,2026-08-06,20000,0.7,RANKING BRASIL INTELIGENCIA LTDA,3,2026-08-12
BR039212026,OPINIAO PESQUISAS SOCIAIS LTDA,state,BR,2000,2026-08-06,2026-08-09,2026-08-12,2026-08-06,45000,0.7,OPINIAO PESQUISAS SOCIAIS LTDA,3,2026-08-12
BR089512026,AGORASEI PESQUISA LTDA,state,BR,1500,2026-08-02,2026-08-05,2026-08-11,2026-08-05,19450,0.6,AGORASEI PESQUISA LTDA,3,2026-08-11
BR081092026,100 Cidades,national,BR,2000,2026-08-03,2026-08-06,2026-08-11,2026-08-05,160000,0.7,100 Cidades,3,2026-08-11
BR069352026,MDA,national,BR,2002,2026-08-05,2026-08-09,2026-08-11,2026-08-05,230038,0.8999999999999999,MDA,3,2026-08-11
BR036562026,ENFOQUE ASSESSORIA DE COMUNICACAO INTEGR,unknown,BR,800,2026-08-05,2026-08-10,2026-08-11,2026-08-05,8500,0.5,ENFOQUE ASSESSORIA DE COMUNICACAO INTEGR,3,2026-08-11
BR079962026,SETA INSTITUTO DE PESQUISA LTDA,state,BR,450,2026-08-06,2026-08-07,2026-08-11,2026-08-05,5000,0.4,SETA INSTITUTO DE PESQUISA LTDA,3,2026-08-11
BR076042026,F. FACANHA DE ALMEIDA,state,BR,1006,2026-08-04,2026-08-09,2026-08-11,2026-08-05,26000,0.6,F. FACANHA DE ALMEIDA,3,2026-08-11
BR052052026,Real Time Big Data,state,BR,1600,2026-08-06,2026-08-10,2026-08-11,2026-08-05,24000,0.8,Real Time Big Data,3,2026-08-11
BR080362026,Ideia/Canal Meio,state,BR,1800,2026-08-05,2026-08-08,2026-08-10,2026-08-04,69878.92,0.6,Ideia/Canal Meio,3,2026-08-10
BR031132026,INSTITUTO TRAVESSIA DIAGNOSTICO LTDA,state,BR,800,2026-08-05,2026-08-08,2026-08-10,2026-08-04,32000,0.5,INSTITUTO TRAVESSIA DIAGNOSTICO LTDA,3,2026-08-10
BR065962026,PALVER CONSULTORIA E DESENVOLVIMENTO TEC,national,BR,5000,2026-08-03,2026-08-09,2026-08-10,2026-08-04,30000,0.7,PALVER CONSULTORIA E DESENVOLVIMENTO TEC,3,2026-08-10
BR084282026,NEXUS PESQUISA E INTELIGENCIA DE DADOS L,national,BR,2000,2026-08-07,2026-08-09,2026-08-10,2026-08-04,164888.89,0.7,NEXUS PESQUISA E INTELIGENCIA DE DADOS L,3,2026-08-10
BR094412026,SETA INSTITUTO DE PESQUISA LTDA,state,BR,550,2026-08-05,2026-08-06,2026-08-10,2026-08-04,5000,0.5,SETA INSTITUTO DE PESQUISA LTDA,3,2026-08-10
BR057362026,METADATA SOLUCOES INTELIGENTES LTDA,state,BR,1536,2026-08-06,2026-08-08,2026-08-10,2026-08-04,50000,0.6,METADATA SOLUCOES INTELIGENTES LTDA,3,2026-08-10
BR080452026,Gerp,national,BR,2400,2026-08-06,2026-08-10,2026-08-10,2026-08-04,20000,0.7,Gerp,3,2026-08-10
BR030252026,AMERICAN ANALYTICS DO BRASIL CONSULTORIA,state,BR,1500,2026-08-04,2026-08-08,2026-08-09,2026-08-03,30000,0.6,AMERICAN ANALYTICS DO BRASIL CONSULTORIA,3,2026-08-09
BR092282026,VISAO PESQUISAS DE OPINIAO LTDA,state,BR,880,2026-08-03,2026-08-08,2026-08-07,2026-08-01,15000,0.5,VISAO PESQUISAS DE OPINIAO LTDA,3,2026-08-07
BR017842026,Real Time Big Data,state,BR,1600,2026-08-01,2026-08-05,2026-08-06,2026-07-31,24000,0.8,Real Time Big Data,3,2026-08-06
BR018942026,A J TECH LTDA,state,BR,1602,2026-07-28,2026-08-02,2026-08-06,2026-07-31,37000,0.6,A J TECH LTDA,3,2026-08-06
BR065502026,LAIS CRISTINA RODRIGUES DE OLIVEIRA LTDA,state,BR,400,2026-08-01,2026-08-02,2026-08-06,2026-07-31,5000,0.4,LAIS CRISTINA RODRIGUES DE OLIVEIRA LTDA,3,2026-08-06
BR010782026,J J COELHO,state,BR,1311,2026-08-04,2026-08-07,2026-08-06,2026-07-31,12000,0.6,J J COELHO,3,2026-08-06
BR031212026,KLIK INTELIGENCIA LTDA,state,BR,1200,2026-07-30,2026-08-04,2026-08-05,2026-07-30,10000,0.6,KLIK INTELIGENCIA LTDA,3,2026-08-05
BR078502026,Real Time Big Data,state,BR,1600,2026-07-31,2026-08-04,2026-08-05,2026-07-30,24000,0.8,Real Time Big Data,3,2026-08-05
BR045792026,Ideia/Canal Meio,national,BR,1500,2026-07-31,2026-08-03,2026-08-05,2026-07-30,27600,0.6,Ideia/Canal Meio,3,2026-08-05
BR039652026,"ECM - EDICAO, COMUNICACAO & MARKETING LT",state,BR,1500,2026-07-31,2026-08-03,2026-08-05,2026-07-30,30000,0.6,"ECM - EDICAO, COMUNICACAO & MARKETING LT",3,2026-08-05
BR065912026,Quaest,national,BR,2004,2026-07-31,2026-08-03,2026-08-05,2026-07-30,433255.92,0.8999999999999999,Quaest,3,2026-08-05
BR078472026,VILANI E BARBOSA NEGOCIOS LTDA,state,BR,1509,2026-07-31,2026-08-04,2026-08-05,2026-07-30,19700,0.6,VILANI E BARBOSA NEGOCIOS LTDA,3,2026-08-05
BR087302026,NOVA IBRAPE PESQUISAS DE OPINIAO PUBLICA,state,BR,1000,2026-07-29,2026-08-03,2026-08-04,2026-07-29,19000,0.6,NOVA IBRAPE PESQUISAS DE OPINIAO PUBLICA,3,2026-08-04
BR055732026,NEXUS PESQUISA E INTELIGENCIA DE DADOS L,national,BR,1200,2026-07-30,2026-08-02,2026-08-04,2026-07-29,90000,0.6,NEXUS PESQUISA E INTELIGENCIA DE DADOS L,3,2026-08-04
BR096502026,Real Time Big Data,state,BR,1600,2026-07-30,2026-08-03,2026-08-04,2026-07-29,24000,0.8,Real Time Big Data,3,2026-08-04
BR098852026,Veritá,state,BR,1525,2026-07-28,2026-08-01,2026-08-03,2026-07-28,117425,0.6,Veritá,3,2026-08-03
BR062782026,INSTITUTO DATATRENDS LTDA,state,BR,1200,2026-07-31,2026-08-02,2026-08-03,2026-07-28,50000,0.6,INSTITUTO DATATRENDS LTDA,3,2026-08-03
BR028742026,NEXUS PESQUISA E INTELIGENCIA DE DADOS L,national,BR,2000,2026-07-31,2026-08-02,2026-08-03,2026-07-28,164888.89,0.7,NEXUS PESQUISA E INTELIGENCIA DE DADOS L,3,2026-08-03
BR013272026,100 Cidades,state,BR,1000,2026-07-24,2026-07-25,2026-08-03,2026-07-28,80000,0.6,100 Cidades,3,2026-08-03
BR076962026,Real Time Big Data,state,BR,1600,2026-07-28,2026-08-01,2026-08-03,2026-07-28,24000,0.8,Real Time Big Data,3,2026-08-03
BR054252026,100 Cidades,state,BR,1000,2026-07-27,2026-07-28,2026-08-03,2026-07-28,80000,0.6,100 Cidades,3,2026-08-03
BR059082026,INSTITUTO DATA AZ DE PESQUISA LTDA,state,BR,1200,2026-07-20,2026-07-27,2026-08-03,2026-07-28,15000,0.6,INSTITUTO DATA AZ DE PESQUISA LTDA,3,2026-08-03
BR082462026,BADRA COMUNICACAO LTDA,state,BR,1060,2026-07-29,2026-07-31,2026-08-03,2026-07-28,18000,0.6,BADRA COMUNICACAO LTDA,3,2026-08-03
BR093322026,AtlasIntel,state,BR,1000,2026-07-28,2026-08-02,2026-08-03,2026-07-28,39000,0.8,AtlasIntel,3,2026-08-03
BR077732026,INSTITUTO DATATRENDS LTDA,state,BR,1200,2026-07-27,2026-07-29,2026-08-02,2026-07-27,15000,0.6,INSTITUTO DATATRENDS LTDA,3,2026-08-02
BR012102026,INSTITUTO DE PESQUISAS PERFIL LTDA,unknown,BR,600,2026-07-29,2026-07-31,2026-08-02,2026-07-27,18000,0.5,INSTITUTO DE PESQUISAS PERFIL LTDA,3,2026-08-02
BR049562026,Veritá,state,BR,1220,2026-07-28,2026-08-01,2026-08-02,2026-07-27,93940,0.6,Veritá,3,2026-08-02
BR017152026,Veritá,state,BR,1030,2026-07-28,2026-08-01,2026-08-02,2026-07-27,79310,0.6,Veritá,3,2026-08-02
BR022492026,Veritá,state,BR,2010,2026-07-28,2026-08-01,2026-08-02,2026-07-27,154770,0.7,Veritá,3,2026-08-02
BR035522026,Veritá,state,BR,1525,2026-07-28,2026-08-01,2026-08-02,2026-07-27,117425,0.6,Veritá,3,2026-08-02
BR059132026,NOVA IBRAPE PESQUISAS DE OPINIAO PUBLICA,state,BR,1000,2026-07-25,2026-07-29,2026-07-31,2026-07-25,29000,0.6,NOVA IBRAPE PESQUISAS DE OPINIAO PUBLICA,3,2026-07-31
BR076012026,Datafolha,state,BR,1022,2026-07-28,2026-07-30,2026-07-31,2026-07-25,115000,0.8,Datafolha,5,2026-07-31
BR078382026,PIMENTEL & CARPENTIERI CONSULTORIA DE MA,state,BR,800,2026-07-27,2026-07-30,2026-07-31,2026-07-25,12000,0.5,PIMENTEL & CARPENTIERI CONSULTORIA DE MA,3,2026-07-31
BR044882026,ALFA INTELIGENCIA E SERVICOS DE SOFTWARE,unknown,BR,2700,2026-07-23,2026-07-28,2026-07-31,2026-07-25,280800,0.7,ALFA INTELIGENCIA E SERVICOS DE SOFTWARE,3,2026-07-31
BR010842026,INSTITUTO VOX BRASIL OPINIAO E PESQUISAS,national,BR,2100,2026-07-26,2026-07-28,2026-07-31,2026-07-25,50000,0.7,INSTITUTO VOX BRASIL OPINIAO E PESQUISAS,3,2026-07-31
BR064932026,Paraná Pesquisas,state,BR,1600,2026-07-28,2026-07-30,2026-07-31,2026-07-25,45000,0.8,Paraná Pesquisas,3,2026-07-31
BR083542026,Real Time Big Data,state,BR,1600,2026-07-27,2026-07-30,2026-07-31,2026-07-25,24000,0.8,Real Time Big Data,3,2026-07-31
BR009682026,Real Time Big Data,state,BR,2000,2026-07-25,2026-07-29,2026-07-30,2026-07-24,30000,0.8999999999999999,Real Time Big Data,3,2026-07-30
BR078452026,"PODERDATA PESQUISA, JORNALISMO E COMUNIC",national,BR,2400,2026-07-26,2026-07-29,2026-07-30,2026-07-24,103715,0.7,"PODERDATA PESQUISA, JORNALISMO E COMUNIC",3,2026-07-30
BR080632026,Quaest,state,BR,1104,2026-07-24,2026-07-28,2026-07-30,2026-07-24,239169.82,0.8,Quaest,3,2026-07-30
BR032382026,Quaest,state,BR,1002,2026-07-24,2026-07-28,2026-07-30,2026-07-24,204886.9,0.8,Quaest,3,2026-07-30
BR018712026,Quaest,state,BR,1104,2026-07-24,2026-07-28,2026-07-30,2026-07-24,225272.26,0.8,Quaest,3,2026-07-30
BR006892026,PIMENTEL & CARPENTIERI CONSULTORIA DE MA,state,BR,800,2026-07-27,2026-07-30,2026-07-30,2026-07-24,12000,0.5,PIMENTEL & CARPENTIERI CONSULTORIA DE MA,3,2026-07-30
BR009722026,ALFA INTELIGENCIA E SERVICOS DE SOFTWARE,unknown,BR,2700,2026-07-23,2026-07-27,2026-07-29,2026-07-23,280800,0.7,ALFA INTELIGENCIA E SERVICOS DE SOFTWARE,3,2026-07-29
BR052252026,PERFIL PESQUISAS TECNICAS LTDA,state,BR,1600,2026-07-23,2026-07-26,2026-07-29,2026-07-23,15000,0.6,PERFIL PESQUISAS TECNICAS LTDA,3,2026-07-29
BR081332026,FOCUS PESQUISA LTDA,state,BR,400,2026-07-24,2026-07-25,2026-07-29,2026-07-23,5000,0.4,FOCUS PESQUISA LTDA,3,2026-07-29
BR058482026,AtlasIntel,state,BR,1800,2026-07-23,2026-07-28,2026-07-29,2026-07-23,75000,0.8,AtlasIntel,3,2026-07-29
BR080542026,100 Cidades,state,BR,1200,2026-07-21,2026-07-24,2026-07-29,2026-07-23,96000,0.6,100 Cidades,3,2026-07-29
BR099982026,Quaest,state,BR,1650,2026-07-23,2026-07-27,2026-07-29,2026-07-23,279386.9,0.8,Quaest,3,2026-07-29
BR032892026,BADRA COMUNICACAO LTDA,state,BR,1500,2026-07-24,2026-07-29,2026-07-29,2026-07-23,18000,0.6,BADRA COMUNICACAO LTDA,3,2026-07-29
BR090712026,Paraná Pesquisas,state,BR,1680,2026-07-25,2026-07-28,2026-07-29,2026-07-23,50000,0.8,Paraná Pesquisas,3,2026-07-29
BR058562026,Quaest,state,BR,1200,2026-07-23,2026-07-27,2026-07-29,2026-07-23,246482.02,0.8,Quaest,3,2026-07-29
BR072352026,INTELIGENCIA EM PESQUISA E CONSULTORIA L,state,BR,800,2026-07-22,2026-07-28,2026-07-28,2026-07-22,90000,0.5,INTELIGENCIA EM PESQUISA E CONSULTORIA L,3,2026-07-28
BR038102026,Quaest,state,BR,900,2026-07-22,2026-07-26,2026-07-28,2026-07-22,183218.6,0.7,Quaest,3,2026-07-28
BR008222026,PERCENT PESQUISA DE MERCADO E OPINIAO LT,state,BR,1200,2026-07-23,2026-07-27,2026-07-28,2026-07-22,29550,0.6,PERCENT PESQUISA DE MERCADO E OPINIAO LT,3,2026-07-28
BR087072026,IPESPE INST DE PESQUISAS SOCIAIS POLITIC,state,BR,1000,2026-07-22,2026-07-25,2026-07-28,2026-07-22,60000,0.6,IPESPE INST DE PESQUISAS SOCIAIS POLITIC,3,2026-07-28
BR086022026,AtlasIntel,national,BR,5000,2026-07-22,2026-07-27,2026-07-28,2026-07-22,80000,0.8999999999999999,AtlasIntel,3,2026-07-28
BR060742026,Real Time Big Data,state,BR,2000,2026-07-23,2026-07-27,2026-07-28,2026-07-22,30000,0.8999999999999999,Real Time Big Data,3,2026-07-28
BR093332026,Quaest,state,BR,1482,2026-07-22,2026-07-26,2026-07-28,2026-07-22,233840.06,0.8,Quaest,3,2026-07-28
BR080862026,Real Time Big Data,state,BR,1600,2026-07-22,2026-07-25,2026-07-27,2026-07-21,24000,0.8,Real Time Big Data,3,2026-07-27
BR067522026,Quaest,state,BR,900,2026-07-21,2026-07-25,2026-07-27,2026-07-21,181155.11,0.7,Quaest,3,2026-07-27
BR076702026,Quaest,state,BR,1200,2026-07-21,2026-07-25,2026-07-27,2026-07-21,205008.84,0.8,Quaest,3,2026-07-27
BR087742026,RUMON MARKETING DIGITAL E PESQUISAS LTDA,state,BR,400,2026-07-25,2026-07-25,2026-07-27,2026-07-21,8000,0.4,RUMON MARKETING DIGITAL E PESQUISAS LTDA,3,2026-07-27
BR078782026,INSTITUTO MAIS,state,BR,1200,2026-07-21,2026-07-26,2026-07-27,2026-07-21,9500,0.6,INSTITUTO MAIS,3,2026-07-27
BR014892026,NEXUS PESQUISA E INTELIGENCIA DE DADOS L,national,BR,2000,2026-07-24,2026-07-26,2026-07-27,2026-07-21,164888.89,0.7,NEXUS PESQUISA E INTELIGENCIA DE DADOS L,3,2026-07-27
BR059532026,NEOBE GESTAO E SERVICOS LTDA,state,BR,1008,2026-07-22,2026-07-24,2026-07-27,2026-07-21,25000,0.6,NEOBE GESTAO E SERVICOS LTDA,3,2026-07-27
BR067512026,TS2 SOLUCOES EMPRESARIAL LTDA,state,BR,1800,2026-07-22,2026-07-27,2026-07-27,2026-07-21,46204,0.6,TS2 SOLUCOES EMPRESARIAL LTDA,3,2026-07-27
BR034452026,Quaest,state,BR,1104,2026-07-21,2026-07-25,2026-07-27,2026-07-21,215479.58,0.8,Quaest,3,2026-07-27
BR012392026,FALPE PESQUISAS S/S LTDA,state,BR,5000,2026-07-12,2026-07-20,2026-07-26,2026-07-20,50000,0.7,FALPE PESQUISAS S/S LTDA,3,2026-07-26
BR098232026,JOTA JORNALISMO S/A,national,BR,6000,2026-06-24,2026-07-19,2026-07-26,2026-07-20,110000,0.7,JOTA JORNALISMO S/A,3,2026-07-26
BR030702026,INSTITUTO DATATRENDS LTDA,state,BR,1200,2026-07-20,2026-07-22,2026-07-25,2026-07-19,50000,0.6,INSTITUTO DATATRENDS LTDA,3,2026-07-25
BR084032026,RANKING BRASIL INTELIGENCIA LTDA,state,BR,2000,2026-07-18,2026-07-23,2026-07-24,2026-07-18,20000,0.7,RANKING BRASIL INTELIGENCIA LTDA,3,2026-07-24
BR055422026,Real Time Big Data,state,BR,1600,2026-07-19,2026-07-23,2026-07-24,2026-07-18,24000,0.8,Real Time Big Data,3,2026-07-24
BR011662026,Datafolha,national,BR,2004,2026-07-22,2026-07-24,2026-07-24,2026-07-18,307541.6,0.8999999999999999,Datafolha,5,2026-07-24
BR016892026,PERCENT PESQUISA DE MERCADO E OPINIAO LT,state,BR,500,2026-07-11,2026-07-14,2026-07-23,2026-07-17,12000,0.5,PERCENT PESQUISA DE MERCADO E OPINIAO LT,3,2026-07-23
BR019792026,ERIVALDO TRINDADE DE ARAUJO,state,BR,1250,2026-07-19,2026-07-22,2026-07-23,2026-07-17,15000,0.6,ERIVALDO TRINDADE DE ARAUJO,3,2026-07-23
BR012252026,MAPA MARKETING E PARTICIPACOES LTDA,state,BR,1008,2026-07-17,2026-07-22,2026-07-23,2026-07-17,54000,0.6,MAPA MARKETING E PARTICIPACOES LTDA,3,2026-07-23
BR086012026,Real Time Big Data,state,BR,1600,2026-07-18,2026-07-22,2026-07-23,2026-07-17,24000,0.8,Real Time Big Data,3,2026-07-23
BR024112026,Veritá,state,BR,1000,2026-07-17,2026-07-20,2026-07-22,2026-07-16,80000,0.6,Veritá,3,2026-07-22
BR050262026,Gerp,national,BR,2000,2026-07-15,2026-07-20,2026-07-22,2026-07-16,20000,0.7,Gerp,3,2026-07-22
BR056782026,NEOBE GESTAO E SERVICOS LTDA,state,BR,1008,2026-07-20,2026-07-22,2026-07-22,2026-07-16,25000,0.6,NEOBE GESTAO E SERVICOS LTDA,3,2026-07-22
BR006362026,Real Time Big Data,state,BR,1600,2026-07-20,2026-07-21,2026-07-22,2026-07-16,24000,0.8,Real Time Big Data,3,2026-07-22
BR031772026,QUALITTA EMPREEDIMENTOS LTDA,state,BR,1200,2026-07-17,2026-07-21,2026-07-22,2026-07-16,22000,0.6,QUALITTA EMPREEDIMENTOS LTDA,3,2026-07-22
BR073352026,AtlasIntel,state,BR,1200,2026-07-16,2026-07-21,2026-07-22,2026-07-16,60000,0.8,AtlasIntel,3,2026-07-22
BR004552026,RANKING BRASIL INTELIGENCIA LTDA,state,BR,1000,2026-07-17,2026-07-21,2026-07-22,2026-07-16,10000,0.6,RANKING BRASIL INTELIGENCIA LTDA,3,2026-07-22
BR042452026,I. M. MENDONCA,state,BR,403,2026-07-03,2026-07-04,2026-07-22,2026-07-16,4000,0.4,I. M. MENDONCA,3,2026-07-22
BR029042026,INSTITUTO INDEXA PESQUISAS LTDA,national,BR,2000,2026-07-16,2026-07-19,2026-07-21,2026-07-15,164000,0.7,INSTITUTO INDEXA PESQUISAS LTDA,3,2026-07-21
BR057552026,Veritá,state,BR,1000,2026-07-16,2026-07-19,2026-07-21,2026-07-15,80000,0.6,Veritá,3,2026-07-21
BR000642026,INSTITUTO MAIS,state,BR,1200,2026-07-15,2026-07-20,2026-07-21,2026-07-15,25000,0.6,INSTITUTO MAIS,3,2026-07-21
BR044682026,AtlasIntel,state,BR,1200,2026-07-15,2026-07-20,2026-07-21,2026-07-15,80000,0.8,AtlasIntel,3,2026-07-21
BR075722026,NEOBE GESTAO E SERVICOS LTDA,state,BR,1008,2026-07-15,2026-07-17,2026-07-21,2026-07-15,25000,0.6,NEOBE GESTAO E SERVICOS LTDA,3,2026-07-21
BR075862026,PARLA MENTORS CONSULTORIA LTDA,state,BR,1500,2026-07-14,2026-07-19,2026-07-21,2026-07-15,20000,0.6,PARLA MENTORS CONSULTORIA LTDA,3,2026-07-21
BR092472026,Real Time Big Data,national,BR,2000,2026-07-18,2026-07-20,2026-07-21,2026-07-15,30000,0.8999999999999999,Real Time Big Data,3,2026-07-21
BR077632026,EXATUS CONSULTORIA E PESQUISA LTDA,state,BR,1500,2026-07-07,2026-07-10,2026-07-21,2026-07-15,30000,0.6,EXATUS CONSULTORIA E PESQUISA LTDA,3,2026-07-21
BR072902026,INSTITUTO GAZETA LTDA,state,BR,2000,2026-07-15,2026-07-19,2026-07-21,2026-07-15,12000,0.7,INSTITUTO GAZETA LTDA,3,2026-07-21
BR051822026,EVA FRANCIELI DE SOUZA PEREIRA,state,BR,1200,2026-07-14,2026-07-17,2026-07-20,2026-07-14,10000,0.6,EVA FRANCIELI DE SOUZA PEREIRA,3,2026-07-20
BR013182026,PARLA MENTORS CONSULTORIA LTDA,state,BR,1500,2026-07-14,2026-07-19,2026-07-20,2026-07-14,20000,0.6,PARLA MENTORS CONSULTORIA LTDA,3,2026-07-20
BR011682026,INSTITUTO DATA CENSUS POTIGUAR LTDA,state,BR,2000,2026-07-15,2026-07-19,2026-07-20,2026-07-14,10000,0.7,INSTITUTO DATA CENSUS POTIGUAR LTDA,3,2026-07-20
BR093302026,INSTITUTO PIAUIENSE DE OPINIAO PUBLICA L,state,BR,1137,2026-07-07,2026-07-12,2026-07-19,2026-07-13,70000,0.6,INSTITUTO PIAUIENSE DE OPINIAO PUBLICA L,3,2026-07-19
BR038192026,INSTITUTO DE PESQUISAS PERFIL LTDA,state,BR,1800,2026-07-13,2026-07-16,2026-07-18,2026-07-12,40000,0.6,INSTITUTO DE PESQUISAS PERFIL LTDA,3,2026-07-18
BR069942026,F. FACANHA DE ALMEIDA,state,BR,1006,2026-07-11,2026-07-15,2026-07-17,2026-07-11,26000,0.6,F. FACANHA DE ALMEIDA,3,2026-07-17
BR078342026,Veritá,state,BR,1525,2026-07-12,2026-07-16,2026-07-17,2026-07-11,117425,0.6,Veritá,3,2026-07-17
BR000592026,"PODERDATA PESQUISA, JORNALISMO E COMUNIC",national,BR,2400,2026-07-12,2026-07-15,2026-07-16,2026-07-10,103715,0.7,"PODERDATA PESQUISA, JORNALISMO E COMUNIC",3,2026-07-16
BR062362026,"ECM - EDICAO, COMUNICACAO & MARKETING LT",state,BR,1500,2026-07-11,2026-07-14,2026-07-16,2026-07-10,30000,0.6,"ECM - EDICAO, COMUNICACAO & MARKETING LT",3,2026-07-16
BR048032026,INSTITUTO DE PESQUISAS PERFIL LTDA,state,BR,1800,2026-07-13,2026-07-16,2026-07-16,2026-07-10,40000,0.6,INSTITUTO DE PESQUISAS PERFIL LTDA,3,2026-07-16
BR034792026,Quaest,state,BR,804,2026-07-10,2026-07-13,2026-07-16,2026-07-10,95877,0.7,Quaest,3,2026-07-16
BR018772026,GOVNET PESQUISA E TECNOLOGIA DA INFORMAC,state,BR,400,2026-07-12,2026-07-15,2026-07-16,2026-07-10,20000,0.4,GOVNET PESQUISA E TECNOLOGIA DA INFORMAC,3,2026-07-16
BR058802026,Real Time Big Data,state,BR,1600,2026-07-14,2026-07-15,2026-07-16,2026-07-10,24000,0.8,Real Time Big Data,3,2026-07-16
BR054082026,J J COELHO,state,BR,1011,2026-07-11,2026-07-14,2026-07-16,2026-07-10,7550,0.6,J J COELHO,3,2026-07-16
BR063452026,Doxa,state,BR,2000,2026-07-08,2026-07-12,2026-07-15,2026-07-09,30000,0.7,Doxa,3,2026-07-15
BR071812026,Quaest,national,BR,2004,2026-07-10,2026-07-13,2026-07-15,2026-07-09,433255.92,0.8999999999999999,Quaest,3,2026-07-15
BR031482026,Real Time Big Data,state,BR,1600,2026-07-13,2026-07-14,2026-07-15,2026-07-09,24000,0.8,Real Time Big Data,3,2026-07-15
BR072372026,Veritá,state,BR,1220,2026-07-09,2026-07-13,2026-07-14,2026-07-08,93940,0.6,Veritá,3,2026-07-14
BR095762026,IPC - INSTITUTO DE PESQUISA CATARINENSE ,state,BR,1050,2026-07-09,2026-07-13,2026-07-14,2026-07-08,55000,0.6,IPC - INSTITUTO DE PESQUISA CATARINENSE ,3,2026-07-14
BR072942026,100 Cidades,national,BR,2000,2026-07-07,2026-07-11,2026-07-14,2026-07-08,160000,0.7,100 Cidades,3,2026-07-14
BR007732026,Real Time Big Data,state,BR,1600,2026-07-11,2026-07-13,2026-07-14,2026-07-08,24000,0.8,Real Time Big Data,3,2026-07-14
BR062592026,Veritá,state,BR,1220,2026-07-09,2026-07-13,2026-07-14,2026-07-08,93940,0.6,Veritá,3,2026-07-14
BR017092026,MDA,state,BR,600,2026-07-07,2026-07-12,2026-07-14,2026-07-08,20000,0.7,MDA,3,2026-07-14
BR010272026,Veritá,state,BR,1220,2026-07-09,2026-07-13,2026-07-14,2026-07-08,93940,0.6,Veritá,3,2026-07-14
BR051212026,DATAVERO PESQUISA E CONSULTORIA LTDA,state,BR,1500,2026-07-09,2026-07-11,2026-07-14,2026-07-08,20000,0.6,DATAVERO PESQUISA E CONSULTORIA LTDA,3,2026-07-14
BR008922026,Doxa,state,BR,2000,2026-07-08,2026-07-12,2026-07-14,2026-07-08,30000,0.7,Doxa,3,2026-07-14
BR079812026,NEXUS PESQUISA E INTELIGENCIA DE DADOS L,national,BR,2000,2026-07-10,2026-07-12,2026-07-13,2026-07-07,164888.89,0.7,NEXUS PESQUISA E INTELIGENCIA DE DADOS L,3,2026-07-13
BR054392026,ALMEIDA E CAVALCANTI LTDA,state,BR,2000,2026-07-08,2026-07-12,2026-07-13,2026-07-07,30000,0.7,ALMEIDA E CAVALCANTI LTDA,3,2026-07-13
BR005582026,Veritá,state,BR,2010,2026-07-07,2026-07-11,2026-07-12,2026-07-06,154770,0.7,Veritá,3,2026-07-12
BR075632026,ECONOMETRICA PESQUISA LTDA,unknown,BR,1598,2026-07-01,2026-07-04,2026-07-12,2026-07-06,40000,0.6,ECONOMETRICA PESQUISA LTDA,3,2026-07-12
BR030032026,Veritá,state,BR,1525,2026-07-07,2026-07-11,2026-07-12,2026-07-06,117425,0.6,Veritá,3,2026-07-12
BR030842026,INSTITUTO VOX BRASIL OPINIAO E PESQUISAS,state,BR,1200,2026-07-06,2026-07-08,2026-07-12,2026-07-06,65000,0.6,INSTITUTO VOX BRASIL OPINIAO E PESQUISAS,3,2026-07-12
BR010302026,Veritá,state,BR,1220,2026-07-07,2026-07-11,2026-07-12,2026-07-06,93940,0.6,Veritá,3,2026-07-12
BR054952026,Veritá,state,BR,2020,2026-07-07,2026-07-11,2026-07-12,2026-07-06,155540,0.7,Veritá,3,2026-07-12
BR086942026,Veritá,state,BR,1220,2026-07-07,2026-07-11,2026-07-12,2026-07-06,93940,0.6,Veritá,3,2026-07-12
BR049392026,VILANI E BARBOSA NEGOCIOS LTDA,state,BR,1509,2026-07-07,2026-07-09,2026-07-12,2026-07-06,19700,0.6,VILANI E BARBOSA NEGOCIOS LTDA,3,2026-07-12
BR016292026,INSTITUTO VOX BRASIL OPINIAO E PESQUISAS,state,BR,1200,2026-07-06,2026-07-08,2026-07-11,2026-07-05,65000,0.6,INSTITUTO VOX BRASIL OPINIAO E PESQUISAS,3,2026-07-11
BR097142026,INSTITUTO FRANCA DE PESQUISAS LTDA,state,BR,1116,2026-06-30,2026-07-02,2026-07-09,2026-07-03,30000,0.6,INSTITUTO FRANCA DE PESQUISAS LTDA,3,2026-07-09
BR016262026,CONSULTORIA E PESQUISA TECNICA LTDA,state,BR,1700,2026-07-03,2026-07-05,2026-07-09,2026-07-03,40000,0.6,CONSULTORIA E PESQUISA TECNICA LTDA,3,2026-07-09
BR024022026,Real Time Big Data,state,BR,1600,2026-07-07,2026-07-08,2026-07-09,2026-07-03,64000,0.8,Real Time Big Data,3,2026-07-09
BR076502026,INSTITUTO FRANCA DE PESQUISAS LTDA,state,BR,1066,2026-07-01,2026-07-07,2026-07-09,2026-07-03,15000,0.6,INSTITUTO FRANCA DE PESQUISAS LTDA,3,2026-07-09
BR088212026,SETA INSTITUTO DE PESQUISA LTDA,state,BR,1500,2026-07-04,2026-07-06,2026-07-09,2026-07-03,15000,0.6,SETA INSTITUTO DE PESQUISA LTDA,3,2026-07-09
BR053232026,V. C. H. A. SERVICOS LTDA.,state,BR,1400,2026-07-02,2026-07-07,2026-07-09,2026-07-03,60000,0.6,V. C. H. A. SERVICOS LTDA.,3,2026-07-09
BR071542026,"ECM - EDICAO, COMUNICACAO & MARKETING LT",state,BR,1500,2026-07-02,2026-07-06,2026-07-08,2026-07-02,13000,0.6,"ECM - EDICAO, COMUNICACAO & MARKETING LT",3,2026-07-08
BR056282026,Ideia/Canal Meio,national,BR,1500,2026-07-03,2026-07-06,2026-07-08,2026-07-02,27600,0.6,Ideia/Canal Meio,3,2026-07-08
BR041692026,Real Time Big Data,state,BR,1600,2026-07-06,2026-07-07,2026-07-08,2026-07-02,64000,0.8,Real Time Big Data,3,2026-07-08
BR030672026,Gerp,national,BR,2000,2026-07-03,2026-07-07,2026-07-08,2026-07-02,34899,0.7,Gerp,3,2026-07-08
BR018932026,OPINIAO PESQUISAS SOCIAIS LTDA,state,BR,2000,2026-07-01,2026-07-04,2026-07-07,2026-07-01,45000,0.7,OPINIAO PESQUISAS SOCIAIS LTDA,3,2026-07-07
BR059972026,100 Cidades,state,BR,1600,2026-07-03,2026-07-06,2026-07-07,2026-07-01,128000,0.6,100 Cidades,3,2026-07-07
BR049722026,100 Cidades,state,BR,1000,2026-07-01,2026-07-03,2026-07-06,2026-06-30,80000,0.6,100 Cidades,3,2026-07-06
BR041612026,Veritá,state,BR,2000,2026-07-01,2026-07-05,2026-07-06,2026-06-30,154000,0.7,Veritá,3,2026-07-06
BR013722026,Real Time Big Data,state,BR,1600,2026-07-03,2026-07-04,2026-07-06,2026-06-30,64000,0.8,Real Time Big Data,3,2026-07-06
BR034392026,Veritá,state,BR,1220,2026-07-01,2026-07-05,2026-07-06,2026-06-30,93940,0.6,Veritá,3,2026-07-06
BR047792026,Veritá,state,BR,1030,2026-07-01,2026-07-05,2026-07-06,2026-06-30,79310,0.6,Veritá,3,2026-07-06
BR042432026,Veritá,state,BR,1525,2026-07-01,2026-07-05,2026-07-06,2026-06-30,117425,0.6,Veritá,3,2026-07-06
BR057732026,INSTITUTO FRANCA DE PESQUISAS LTDA,state,BR,1116,2026-06-30,2026-07-02,2026-07-06,2026-06-30,30000,0.6,INSTITUTO FRANCA DE PESQUISAS LTDA,3,2026-07-06
BR004092026,BRASMARKET ANALISE E INVESTIGACAO DE MER,state,BR,1200,2026-07-01,2026-07-03,2026-07-06,2026-06-30,35000,0.6,BRASMARKET ANALISE E INVESTIGACAO DE MER,3,2026-07-06
BR064812026,Datafolha,state,BR,1608,2026-07-01,2026-07-03,2026-07-05,2026-06-29,185706.64,0.8,Datafolha,5,2026-07-05
BR093502026,RANKING BRASIL INTELIGENCIA LTDA,state,BR,2000,2026-06-29,2026-07-03,2026-07-03,2026-06-27,20000,0.7,RANKING BRASIL INTELIGENCIA LTDA,3,2026-07-03
BR009562026,INSTITUTO GAZETA LTDA,state,BR,3000,2026-06-26,2026-07-02,2026-07-03,2026-06-27,12000,0.7,INSTITUTO GAZETA LTDA,3,2026-07-03
BR060262026,PNH PESQUISA DE MERCADO E OPINIAO PUBLIC,state,BR,1500,2026-06-26,2026-07-01,2026-07-03,2026-06-27,22500,0.6,PNH PESQUISA DE MERCADO E OPINIAO PUBLIC,3,2026-07-03
BR056202026,DMP PESQUISA E EVENTOS LTDA,unknown,BR,1200,2026-07-01,2026-07-03,2026-07-02,2026-06-26,40000,0.6,DMP PESQUISA E EVENTOS LTDA,3,2026-07-02
BR067332026,F. FACANHA DE ALMEIDA,state,BR,800,2026-06-27,2026-06-30,2026-07-02,2026-06-26,25000,0.5,F. FACANHA DE ALMEIDA,3,2026-07-02
BR053712026,Paraná Pesquisas,state,BR,1600,2026-06-29,2026-07-01,2026-07-02,2026-06-26,45000,0.8,Paraná Pesquisas,3,2026-07-02
BR050402026,INSTITUTO GAZETA LTDA,state,BR,3000,2026-06-26,2026-07-02,2026-07-02,2026-06-26,12000,0.7,INSTITUTO GAZETA LTDA,3,2026-07-02
BR032072026,INSTITUTO PAULISTA DE PESQUISA E OPINIAO,unknown,BR,1200,2026-07-01,2026-07-10,2026-07-02,2026-06-26,15000,0.6,INSTITUTO PAULISTA DE PESQUISA E OPINIAO,3,2026-07-02
BR078012026,Real Time Big Data,state,BR,1600,2026-06-29,2026-06-30,2026-07-01,2026-06-25,64000,0.8,Real Time Big Data,3,2026-07-01
BR045822026,AtlasIntel,national,BR,5000,2026-06-25,2026-06-30,2026-07-01,2026-06-25,75000,0.8999999999999999,AtlasIntel,3,2026-07-01
BR038332026,A J TECH LTDA,state,BR,1600,2026-06-17,2026-06-24,2026-06-29,2026-06-23,38000,0.6,A J TECH LTDA,3,2026-06-30
BR018522026,D. EGLE SANTOS BARBOSA LTDA,state,BR,1066,2026-06-23,2026-06-25,2026-06-29,2026-06-23,30000,0.6,D. EGLE SANTOS BARBOSA LTDA,3,2026-06-30
BR034482026,AtlasIntel,national,BR,5000,2026-06-24,2026-06-29,2026-06-30,2026-06-24,75000,0.8999999999999999,AtlasIntel,3,2026-06-30
BR031382026,DATA CENSUS LTDA,state,BR,2000,2026-06-25,2026-06-29,2026-06-29,2026-06-23,10000,0.7,DATA CENSUS LTDA,3,2026-06-30
BR038402026,INSTITUTO PIAUIENSE DE OPINIAO PUBLICA L,state,BR,1137,2026-06-12,2026-06-18,2026-06-28,2026-06-22,70000,0.6,INSTITUTO PIAUIENSE DE OPINIAO PUBLICA L,3,2026-06-29
BR076692026,INSTITUTO VOX BRASIL OPINIAO E PESQUISAS,state,BR,1480,2026-06-25,2026-06-27,2026-06-29,2026-06-22,50000,0.6,INSTITUTO VOX BRASIL OPINIAO E PESQUISAS,3,2026-06-29
BR085212026,NEXUS PESQUISA E INTELIGENCIA DE DADOS L,national,BR,2000,2026-06-26,2026-06-28,2026-06-29,2026-06-23,164888.89,0.7,NEXUS PESQUISA E INTELIGENCIA DE DADOS L,3,2026-06-29
BR032682026,INSTITUTO DATATRENDS LTDA,state,BR,1200,2026-06-23,2026-06-25,2026-06-28,2026-06-22,15000,0.6,INSTITUTO DATATRENDS LTDA,3,2026-06-29
BR066302026,INSTITUTO VOX BRASIL OPINIAO E PESQUISAS,national,BR,2100,2026-06-23,2026-06-25,2026-06-26,2026-06-20,50000,0.7,INSTITUTO VOX BRASIL OPINIAO E PESQUISAS,3,2026-06-27
BR067762026,INSTITUTO FRANCA DE PESQUISAS LTDA,state,BR,1067,2026-06-18,2026-06-23,2026-06-26,2026-06-20,15790,0.6,INSTITUTO FRANCA DE PESQUISAS LTDA,3,2026-06-27
BR082162026,ERIVALDO TRINDADE DE ARAUJO,state,BR,1250,2026-06-22,2026-06-24,2026-06-26,2026-06-20,15000,0.6,ERIVALDO TRINDADE DE ARAUJO,3,2026-06-27
BR052702026,ALMEIDA E CAVALCANTI LTDA,state,BR,2000,2026-06-19,2026-06-22,2026-06-26,2026-06-20,30000,0.7,ALMEIDA E CAVALCANTI LTDA,3,2026-06-27
BR057222026,"PODERDATA PESQUISA, JORNALISMO E COMUNIC",national,BR,2400,2026-06-21,2026-06-24,2026-06-25,2026-06-19,103715,0.7,"PODERDATA PESQUISA, JORNALISMO E COMUNIC",3,2026-06-26
BR000492026,PERCENT PESQUISA DE MERCADO E OPINIAO LT,state,BR,1200,2026-06-18,2026-06-22,2026-06-24,2026-06-18,30000,0.6,PERCENT PESQUISA DE MERCADO E OPINIAO LT,3,2026-06-25
BR061502026,JOTA JORNALISMO S/A,national,BR,6000,2026-06-01,2026-06-21,2026-06-24,2026-06-18,110000,0.7,JOTA JORNALISMO S/A,3,2026-06-25
BR074792026,DATA TEMPO LIMITADA,state,BR,1000,2026-06-12,2026-06-15,2026-06-24,2026-06-18,55780,0.6,DATA TEMPO LIMITADA,3,2026-06-24
BR096572026,Gerp,national,BR,2000,2026-06-15,2026-06-19,2026-06-24,2026-06-18,20000,0.7,Gerp,3,2026-06-24
BR050972026,AGILI PESQUISAS E MARKETING EIRELI,national,BR,1100,2026-06-17,2026-06-25,2026-06-24,2026-06-18,37500,0.6,AGILI PESQUISAS E MARKETING EIRELI,3,2026-06-24
BR089442026,INSTITUTO INDEXA PESQUISAS LTDA,national,BR,2000,2026-06-18,2026-06-20,2026-06-23,2026-06-17,164000,0.7,INSTITUTO INDEXA PESQUISAS LTDA,3,2026-06-23
BR090442026,Real Time Big Data,state,BR,1600,2026-06-20,2026-06-22,2026-06-23,2026-06-17,64000,0.8,Real Time Big Data,3,2026-06-23
BR083442026,AtlasIntel,state,BR,1200,2026-06-16,2026-06-21,2026-06-22,2026-06-16,80000,0.8,AtlasIntel,3,2026-06-22
BR039692026,DIAGNOSTICO PESQUISAS DE COMPORTAMENTO E,state,BR,1100,2026-06-15,2026-06-18,2026-06-22,2026-06-16,65000,0.6,DIAGNOSTICO PESQUISAS DE COMPORTAMENTO E,3,2026-06-22
BR059452026,DCASTRO COMUNICACAO E MARKETING LTDA,state,BR,1200,2026-06-15,2026-06-20,2026-06-22,2026-06-16,41500,0.6,DCASTRO COMUNICACAO E MARKETING LTDA,3,2026-06-22
BR044622026,Veritá,state,BR,1220,2026-06-16,2026-06-20,2026-06-21,2026-06-15,93940,0.6,Veritá,3,2026-06-21
BR017472026,Veritá,state,BR,1220,2026-06-16,2026-06-20,2026-06-21,2026-06-15,93940,0.6,Veritá,3,2026-06-21
BR006552026,Veritá,state,BR,1220,2026-06-16,2026-06-20,2026-06-21,2026-06-15,93940,0.6,Veritá,3,2026-06-21
BR073972026,Veritá,state,BR,1030,2026-06-16,2026-06-20,2026-06-21,2026-06-15,79310,0.6,Veritá,3,2026-06-21
BR007382026,SETA INSTITUTO DE PESQUISA LTDA,state,BR,1500,2026-06-15,2026-06-17,2026-06-20,2026-06-14,15000,0.6,SETA INSTITUTO DE PESQUISA LTDA,3,2026-06-20
BR066852026,Real Time Big Data,state,BR,1600,2026-06-17,2026-06-18,2026-06-19,2026-06-13,64000,0.8,Real Time Big Data,3,2026-06-19
BR099562026,Datafolha,national,BR,2004,2026-06-17,2026-06-19,2026-06-19,2026-06-13,307641.6,0.8999999999999999,Datafolha,5,2026-06-19
BR017032026,Veritá,state,BR,1220,2026-06-13,2026-06-17,2026-06-18,2026-06-12,93940,0.6,Veritá,3,2026-06-18
BR085332026,FALPE PESQUISAS S/S LTDA,state,BR,5000,2026-06-13,2026-06-22,2026-06-18,2026-06-12,50000,0.7,FALPE PESQUISAS S/S LTDA,3,2026-06-18
BR032972026,INSTITUTO FRANCA DE PESQUISAS LTDA,state,BR,711,2026-06-08,2026-06-11,2026-06-18,2026-06-12,10580,0.5,INSTITUTO FRANCA DE PESQUISAS LTDA,3,2026-06-18
BR088792026,Real Time Big Data,state,BR,1600,2026-06-16,2026-06-17,2026-06-18,2026-06-12,64000,0.8,Real Time Big Data,3,2026-06-18
BR007552026,Real Time Big Data,state,BR,1600,2026-06-15,2026-06-16,2026-06-17,2026-06-11,64000,0.8,Real Time Big Data,3,2026-06-17
BR067042026,NEOBE GESTAO E SERVICOS LTDA,state,BR,1008,2026-06-15,2026-06-17,2026-06-17,2026-06-11,25000,0.6,NEOBE GESTAO E SERVICOS LTDA,3,2026-06-17
BR080142026,IPESPE INST DE PESQUISAS SOCIAIS POLITIC,state,BR,1000,2026-06-12,2026-06-15,2026-06-17,2026-06-11,50000,0.6,IPESPE INST DE PESQUISAS SOCIAIS POLITIC,3,2026-06-17
BR095212026,AMERICAN ANALYTICS DO BRASIL CONSULTORIA,national,BR,2000,2026-06-11,2026-06-15,2026-06-16,2026-06-10,50000,0.7,AMERICAN ANALYTICS DO BRASIL CONSULTORIA,3,2026-06-16
BR014612026,100 Cidades,national,BR,2000,2026-06-08,2026-06-12,2026-06-16,2026-06-10,160000,0.7,100 Cidades,3,2026-06-16
BR005472026,A. F. BARBOSA & CIA. LTDA - ME,state,BR,784,2026-06-09,2026-06-13,2026-06-16,2026-06-10,12500,0.5,A. F. BARBOSA & CIA. LTDA - ME,3,2026-06-16
BR015762026,METADATA SOLUCOES INTELIGENTES LTDA,state,BR,1550,2026-06-12,2026-06-14,2026-06-16,2026-06-10,50000,0.6,METADATA SOLUCOES INTELIGENTES LTDA,3,2026-06-16
BR002022026,INSTITUTO PIAUIENSE DE OPINIAO PUBLICA L,state,BR,300,2026-06-04,2026-06-07,2026-06-16,2026-06-10,9000,0.4,INSTITUTO PIAUIENSE DE OPINIAO PUBLICA L,3,2026-06-16
BR042562026,MDA,national,BR,2002,2026-06-10,2026-06-14,2026-06-16,2026-06-10,230038,0.8999999999999999,MDA,3,2026-06-16
BR044192026,Real Time Big Data,state,BR,2000,2026-06-13,2026-06-15,2026-06-16,2026-06-10,80000,0.8999999999999999,Real Time Big Data,3,2026-06-16
BR069972026,IPESPE INST DE PESQUISAS SOCIAIS POLITIC,state,BR,1000,2026-06-11,2026-06-14,2026-06-16,2026-06-10,60000,0.6,IPESPE INST DE PESQUISAS SOCIAIS POLITIC,3,2026-06-16
BR066452026,NEXUS PESQUISA E INTELIGENCIA DE DADOS L,national,BR,2000,2026-06-12,2026-06-14,2026-06-15,2026-06-09,164888.89,0.7,NEXUS PESQUISA E INTELIGENCIA DE DADOS L,3,2026-06-15
BR024482026,INSTITUTO VOX BRASIL OPINIAO E PESQUISAS,state,BR,1100,2026-06-10,2026-06-11,2026-06-15,2026-06-09,8000,0.6,INSTITUTO VOX BRASIL OPINIAO E PESQUISAS,3,2026-06-15
BR038572026,Doxa,state,BR,2000,2026-06-08,2026-06-14,2026-06-15,2026-06-09,60000,0.7,Doxa,3,2026-06-15
BR014282026,INSTITUTO DATA AZ DE PESQUISA LTDA,state,BR,1200,2026-05-28,2026-06-06,2026-06-15,2026-06-09,15000,0.6,INSTITUTO DATA AZ DE PESQUISA LTDA,3,2026-06-15
BR013262026,AtlasIntel,state,BR,1200,2026-06-09,2026-06-14,2026-06-15,2026-06-09,75000,0.8,AtlasIntel,3,2026-06-15
BR057602026,INSTITUTO DE PESQUISAS PERFIL LTDA,state,BR,1800,2026-06-08,2026-06-13,2026-06-14,2026-06-08,40000,0.6,INSTITUTO DE PESQUISAS PERFIL LTDA,3,2026-06-14
BR064722026,J J COELHO,state,BR,1301,2026-06-08,2026-06-11,2026-06-14,2026-06-08,8500,0.6,J J COELHO,3,2026-06-14
BR052102026,INSTITUTO VOX BRASIL OPINIAO E PESQUISAS,state,BR,1200,2026-06-08,2026-06-11,2026-06-14,2026-06-08,65000,0.6,INSTITUTO VOX BRASIL OPINIAO E PESQUISAS,3,2026-06-14
BR038792026,INSTITUTO VOX BRASIL OPINIAO E PESQUISAS,unknown,BR,1200,2026-06-08,2026-06-10,2026-06-12,2026-06-06,65000,0.6,INSTITUTO VOX BRASIL OPINIAO E PESQUISAS,3,2026-06-12
BR042962026,MAPA MARKETING E PARTICIPACOES LTDA,state,BR,1008,2026-06-06,2026-06-12,2026-06-12,2026-06-06,54000,0.6,MAPA MARKETING E PARTICIPACOES LTDA,3,2026-06-12
BR019922026,NUMEN DATA PESQUISA E CONSULTORIA LTDA,national,BR,2400,2026-06-08,2026-06-11,2026-06-12,2026-06-06,35000,0.7,NUMEN DATA PESQUISA E CONSULTORIA LTDA,3,2026-06-12
BR027952026,Real Time Big Data,state,BR,1600,2026-06-09,2026-06-10,2026-06-11,2026-06-05,64000,0.8,Real Time Big Data,3,2026-06-11
BR033272026,INSTITUTO DATATRENDS LTDA,state,BR,1200,2026-06-07,2026-06-09,2026-06-11,2026-06-05,15000,0.6,INSTITUTO DATATRENDS LTDA,3,2026-06-11
BR028972026,INSTITUTO DATATRENDS LTDA,state,BR,1200,2026-06-07,2026-06-09,2026-06-11,2026-06-05,15000,0.6,INSTITUTO DATATRENDS LTDA,3,2026-06-11
BR034962026,ALFA INTELIGENCIA E SERVICOS DE SOFTWARE,unknown,BR,1400,2026-06-05,2026-06-10,2026-06-11,2026-06-05,50000,0.6,ALFA INTELIGENCIA E SERVICOS DE SOFTWARE,3,2026-06-11
BR059292026,Paraná Pesquisas,state,BR,1300,2026-06-07,2026-06-09,2026-06-10,2026-06-04,40000,0.8,Paraná Pesquisas,3,2026-06-10
BR076612026,Quaest,national,BR,2004,2026-06-05,2026-06-08,2026-06-10,2026-06-04,433255.92,0.8999999999999999,Quaest,3,2026-06-10
BR021092026,IPEMS INSTITUTO DE PESQUISAS DE MATO GRO,state,BR,950,2026-06-05,2026-06-10,2026-06-10,2026-06-04,25000,0.5,IPEMS INSTITUTO DE PESQUISAS DE MATO GRO,3,2026-06-10
BR008792026,"ECM - EDICAO, COMUNICACAO & MARKETING EI",state,BR,1200,2026-06-04,2026-06-07,2026-06-09,2026-06-03,11000,0.6,"ECM - EDICAO, COMUNICACAO & MARKETING EI",3,2026-06-09
BR015242026,Veritá,state,BR,1220,2026-06-03,2026-06-07,2026-06-09,2026-06-03,96380,0.6,Veritá,3,2026-06-09
BR038112026,Real Time Big Data,state,BR,1600,2026-06-06,2026-06-08,2026-06-09,2026-06-03,64000,0.8,Real Time Big Data,3,2026-06-09
BR083982026,100 Cidades,state,BR,800,2026-06-01,2026-06-03,2026-06-09,2026-06-03,64000,0.5,100 Cidades,3,2026-06-09
BR017922026,Gerp,national,BR,2000,2026-06-01,2026-06-05,2026-06-09,2026-06-03,20000,0.7,Gerp,3,2026-06-09
BR084892026,Veritá,state,BR,1525,2026-06-02,2026-06-06,2026-06-08,2026-06-02,117425,0.6,Veritá,3,2026-06-08
BR022112026,Paraná Pesquisas,unknown,BR,1500,2026-06-05,2026-06-07,2026-06-08,2026-06-02,45000,0.8,Paraná Pesquisas,3,2026-06-08
BR082972026,Veritá,state,BR,2010,2026-06-02,2026-06-06,2026-06-08,2026-06-02,154770,0.7,Veritá,3,2026-06-08
BR027962026,Veritá,state,BR,1030,2026-06-02,2026-06-06,2026-06-07,2026-06-01,79310,0.6,Veritá,3,2026-06-07
BR006682026,Veritá,state,BR,1220,2026-06-02,2026-06-06,2026-06-07,2026-06-01,93940,0.6,Veritá,3,2026-06-07
BR089082026,Veritá,state,BR,2030,2026-06-02,2026-06-06,2026-06-07,2026-06-01,156310,0.7,Veritá,3,2026-06-07
BR059122026,Veritá,unknown,BR,1220,2026-06-02,2026-06-06,2026-06-07,2026-06-01,93940,0.6,Veritá,3,2026-06-07
BR021152026,Veritá,unknown,BR,1525,2026-06-02,2026-06-06,2026-06-07,2026-06-01,117425,0.6,Veritá,3,2026-06-07
BR043282026,INSTITUTO NOVO PERFIL PESQUISAS LTDA,state,BR,1480,2026-05-29,2026-06-03,2026-06-07,2026-06-01,44000,0.6,INSTITUTO NOVO PERFIL PESQUISAS LTDA,3,2026-06-07
BR093962026,Veritá,state,BR,1220,2026-06-02,2026-06-06,2026-06-07,2026-06-01,93940,0.6,Veritá,3,2026-06-07
BR055202026,Veritá,state,BR,1220,2026-06-02,2026-06-06,2026-06-07,2026-06-01,93940,0.6,Veritá,3,2026-06-07
BR002112026,Veritá,state,BR,2010,2026-06-02,2026-06-06,2026-06-07,2026-06-01,154770,0.7,Veritá,3,2026-06-07
BR072192026,Veritá,unknown,BR,2010,2026-06-02,2026-06-06,2026-06-07,2026-06-01,154770,0.7,Veritá,3,2026-06-07
BR030742026,F. FACANHA DE ALMEIDA,state,BR,1200,2026-06-01,2026-06-06,2026-06-06,2026-05-31,36000,0.6,F. FACANHA DE ALMEIDA,3,2026-06-06
BR028082026,Paraná Pesquisas,unknown,BR,1500,2026-06-03,2026-06-05,2026-06-06,2026-05-31,45000,0.8,Paraná Pesquisas,3,2026-06-06
BR037682026,RANKING BRASIL INTELIGENCIA LTDA,state,BR,2000,2026-06-01,2026-06-05,2026-06-05,2026-05-30,20000,0.7,RANKING BRASIL INTELIGENCIA LTDA,3,2026-06-05
BR011472026,NUMEN DATA PESQUISA E CONSULTORIA LTDA,state,BR,1500,2026-06-01,2026-06-02,2026-06-05,2026-05-30,21000,0.6,NUMEN DATA PESQUISA E CONSULTORIA LTDA,3,2026-06-05
BR027612026,BRASMARKET ANALISE E INVESTIGACAO DE MER,state,BR,1200,2026-06-01,2026-06-03,2026-06-05,2026-05-30,35000,0.6,BRASMARKET ANALISE E INVESTIGACAO DE MER,3,2026-06-05
BR080162026,INSTITUTO VOX BRASIL OPINIAO E PESQUISAS,national,BR,2100,2026-06-01,2026-06-03,2026-06-05,2026-05-30,50000,0.7,INSTITUTO VOX BRASIL OPINIAO E PESQUISAS,3,2026-06-05
BR045352026,Veritá,state,BR,1525,2026-05-27,2026-05-31,2026-06-04,2026-05-29,117425,0.6,Veritá,3,2026-06-04
BR075552026,Paraná Pesquisas,state,BR,1680,2026-06-01,2026-06-03,2026-06-04,2026-05-29,45000,0.8,Paraná Pesquisas,3,2026-06-04
BR070452026,EXATUS CONSULTORIA E PESQUISA LTDA,state,BR,1500,2026-05-26,2026-05-29,2026-06-04,2026-05-29,30000,0.6,EXATUS CONSULTORIA E PESQUISA LTDA,3,2026-06-04
BR024832026,BRASMARKET ANALISE E INVESTIGACAO DE MER,unknown,BR,1200,2026-06-01,2026-06-03,2026-06-04,2026-05-29,35000,0.6,BRASMARKET ANALISE E INVESTIGACAO DE MER,3,2026-06-04
BR074122026,INSTITUTO NOVO PERFIL PESQUISAS LTDA,unknown,BR,1480,2026-05-29,2026-06-03,2026-06-04,2026-05-29,44000,0.6,INSTITUTO NOVO PERFIL PESQUISAS LTDA,3,2026-06-04
BR016592026,EXATUS CONSULTORIA E PESQUISA LTDA,unknown,BR,1500,2026-05-26,2026-05-29,2026-06-03,2026-05-28,30000,0.6,EXATUS CONSULTORIA E PESQUISA LTDA,3,2026-06-03
BR059472026,Paraná Pesquisas,state,BR,1000,2026-05-31,2026-06-02,2026-06-03,2026-05-28,40000,0.8,Paraná Pesquisas,3,2026-06-03
BR009622026,INTELIGENCIA EM PESQUISA E CONSULTORIA L,state,BR,800,2026-05-28,2026-06-03,2026-06-03,2026-05-28,90000,0.5,INTELIGENCIA EM PESQUISA E CONSULTORIA L,3,2026-06-03
BR053252026,VILANI E BARBOSA NEGOCIOS LTDA,state,BR,1509,2026-05-27,2026-05-29,2026-06-02,2026-05-27,19700,0.6,VILANI E BARBOSA NEGOCIOS LTDA,3,2026-06-02
BR090482026,Real Time Big Data,state,BR,1600,2026-05-30,2026-06-01,2026-06-02,2026-05-27,64000,0.8,Real Time Big Data,3,2026-06-02
BR021912026,Veritá,unknown,BR,1525,2026-05-27,2026-05-31,2026-06-02,2026-05-27,117425,0.6,Veritá,3,2026-06-02
BR051192026,BADRA COMUNICACAO LTDA,state,BR,1500,2026-05-28,2026-06-01,2026-06-02,2026-05-27,18000,0.6,BADRA COMUNICACAO LTDA,3,2026-06-02
BR040702026,Veritá,state,BR,2020,2026-05-27,2026-05-31,2026-06-01,2026-05-26,155540,0.7,Veritá,3,2026-06-01
BR021802026,Veritá,unknown,BR,1525,2026-05-27,2026-05-31,2026-06-01,2026-05-26,117425,0.6,Veritá,3,2026-06-01
BR054032026,Veritá,state,BR,2030,2026-05-27,2026-05-31,2026-06-01,2026-05-26,156310,0.7,Veritá,3,2026-06-01
BR004002026,Veritá,state,BR,1525,2026-05-27,2026-05-31,2026-06-01,2026-05-26,117425,0.6,Veritá,3,2026-06-01
BR002092026,Veritá,state,BR,1220,2026-05-27,2026-05-31,2026-06-01,2026-05-26,93940,0.6,Veritá,3,2026-06-01
BR003452026,Veritá,state,BR,1220,2026-05-27,2026-05-31,2026-06-01,2026-05-26,93940,0.6,Veritá,3,2026-06-01
BR056712026,AGORASEI PESQUISA LTDA,state,BR,1500,2026-05-28,2026-05-31,2026-06-01,2026-05-26,30000,0.6,AGORASEI PESQUISA LTDA,3,2026-06-01
BR054992026,Veritá,state,BR,1220,2026-05-27,2026-05-31,2026-06-01,2026-05-26,93940,0.6,Veritá,3,2026-06-01
BR098982026,Veritá,state,BR,1525,2026-05-27,2026-05-31,2026-06-01,2026-05-26,117425,0.6,Veritá,3,2026-06-01
BR058642026,Real Time Big Data,national,BR,2000,2026-05-29,2026-05-30,2026-06-01,2026-05-26,80000,0.8999999999999999,Real Time Big Data,3,2026-06-01
BR063602026,Veritá,state,BR,1030,2026-05-27,2026-05-31,2026-06-01,2026-05-26,79310,0.6,Veritá,3,2026-06-01
BR095392026,INSTITUTO VOX BRASIL OPINIAO E PESQUISAS,unknown,BR,2100,2026-05-27,2026-05-29,2026-05-31,2026-05-25,50000,0.7,INSTITUTO VOX BRASIL OPINIAO E PESQUISAS,3,2026-05-31
BR018782026,SETA INSTITUTO DE PESQUISA LTDA,state,BR,1500,2026-05-26,2026-05-28,2026-05-31,2026-05-25,15000,0.6,SETA INSTITUTO DE PESQUISA LTDA,3,2026-05-31
BR087942026,INSTITUTO VOX BRASIL OPINIAO E PESQUISAS,state,BR,1480,2026-05-26,2026-05-28,2026-05-30,2026-05-24,50000,0.6,INSTITUTO VOX BRASIL OPINIAO E PESQUISAS,3,2026-05-30
BR075352026,OPINIAO ESTATISTICA EIRELI,state,BR,1000,2026-05-25,2026-05-27,2026-05-30,2026-05-24,76000,0.6,OPINIAO ESTATISTICA EIRELI,3,2026-05-30
BR048462026,ANOVA - INOVACAO E INTELIGENCIA EM PESQU,state,BR,2000,2026-05-25,2026-05-27,2026-05-30,2026-05-24,20000,0.7,ANOVA - INOVACAO E INTELIGENCIA EM PESQU,3,2026-05-30
BR048822026,"PODERDATA PESQUISA, JORNALISMO E COMUNIC",national,BR,2400,2026-05-25,2026-05-28,2026-05-29,2026-05-23,103715,0.7,"PODERDATA PESQUISA, JORNALISMO E COMUNIC",3,2026-05-29
BR079092026,MEDIA - INTELIGENCIA EM PESQUISA LTDA,state,BR,2000,2026-05-21,2026-05-27,2026-05-29,2026-05-23,20000,0.7,MEDIA - INTELIGENCIA EM PESQUISA LTDA,3,2026-05-29
BR042722026,ERIVALDO TRINDADE DE ARAUJO,state,BR,1250,2026-05-18,2026-05-22,2026-05-29,2026-05-23,15000,0.6,ERIVALDO TRINDADE DE ARAUJO,3,2026-05-29
BR027852026,Veritá,state,BR,2020,2026-05-22,2026-05-26,2026-05-29,2026-05-23,155540,0.7,Veritá,3,2026-05-29
BR042422026,Datafolha,state,BR,1022,2026-05-25,2026-05-27,2026-05-28,2026-05-22,115000,0.8,Datafolha,5,2026-05-28
BR062872026,Ideia/Canal Meio,state,BR,1000,2026-05-23,2026-05-27,2026-05-28,2026-05-22,37553,0.6,Ideia/Canal Meio,3,2026-05-28
BR029182026,Ideia/Canal Meio,national,BR,1500,2026-05-23,2026-05-27,2026-05-28,2026-05-22,27600,0.6,Ideia/Canal Meio,3,2026-05-28
BR068762026,ANOVA - INOVACAO E INTELIGENCIA EM PESQU,unknown,BR,2000,2026-05-25,2026-05-27,2026-05-28,2026-05-22,20000,0.7,ANOVA - INOVACAO E INTELIGENCIA EM PESQU,3,2026-05-28
BR065942026,AtlasIntel,state,BR,1000,2026-05-22,2026-05-27,2026-05-28,2026-05-22,60000,0.8,AtlasIntel,3,2026-05-28
BR081862026,Veritá,state,BR,3025,2026-05-22,2026-05-26,2026-05-27,2026-05-21,232925,0.7,Veritá,3,2026-05-27
BR009352026,Veritá,state,BR,1220,2026-05-22,2026-05-26,2026-05-27,2026-05-21,93940,0.6,Veritá,3,2026-05-27
BR048872026,Veritá,state,BR,1030,2026-05-22,2026-05-26,2026-05-27,2026-05-21,79310,0.6,Veritá,3,2026-05-27
BR088312026,Veritá,state,BR,1220,2026-05-22,2026-05-26,2026-05-27,2026-05-21,93940,0.6,Veritá,3,2026-05-27
BR035622026,Real Time Big Data,state,BR,1600,2026-05-25,2026-05-26,2026-05-27,2026-05-21,64000,0.8,Real Time Big Data,3,2026-05-27
BR065402026,Veritá,state,BR,1220,2026-05-22,2026-05-26,2026-05-27,2026-05-21,93940,0.6,Veritá,3,2026-05-27
BR021542026,INSTITUTO INDEXA PESQUISAS LTDA,national,BR,2000,2026-05-22,2026-05-24,2026-05-27,2026-05-21,164000,0.7,INSTITUTO INDEXA PESQUISAS LTDA,3,2026-05-27
BR098432026,Veritá,state,BR,1525,2026-05-22,2026-05-26,2026-05-27,2026-05-21,117425,0.6,Veritá,3,2026-05-27
BR029972026,JOTA JORNALISMO S/A,national,BR,6000,2026-04-20,2026-05-23,2026-05-27,2026-05-21,110000,0.7,JOTA JORNALISMO S/A,3,2026-05-27
BR032132026,Veritá,unknown,BR,2020,2026-05-22,2026-05-26,2026-05-27,2026-05-21,155540,0.7,Veritá,3,2026-05-27
BR015532026,Veritá,state,BR,1220,2026-05-22,2026-05-26,2026-05-27,2026-05-21,93940,0.6,Veritá,3,2026-05-27
BR042762026,Veritá,national,BR,3330,2026-05-22,2026-05-26,2026-05-27,2026-05-21,256410,0.7,Veritá,3,2026-05-27
BR010742026,Veritá,state,BR,1220,2026-05-22,2026-05-26,2026-05-27,2026-05-21,93940,0.6,Veritá,3,2026-05-27
BR042622026,MEDIA - INTELIGENCIA EM PESQUISA LTDA,unknown,BR,2000,2026-05-20,2026-05-23,2026-05-26,2026-05-20,20000,0.7,MEDIA - INTELIGENCIA EM PESQUISA LTDA,3,2026-05-26
BR006152026,NOVA IBRAPE PESQUISAS DE OPINIAO PUBLICA,state,BR,1000,2026-05-20,2026-05-25,2026-05-26,2026-05-20,29000,0.6,NOVA IBRAPE PESQUISAS DE OPINIAO PUBLICA,3,2026-05-26
BR068352026,IPEN - INSTITUTO DE PESQUISA DO NORTE LT,unknown,BR,1200,2026-05-17,2026-05-22,2026-05-26,2026-05-20,60000,0.6,IPEN - INSTITUTO DE PESQUISA DO NORTE LT,3,2026-05-26
BR002822026,Real Time Big Data,state,BR,1600,2026-05-23,2026-05-25,2026-05-26,2026-05-20,64000,0.8,Real Time Big Data,3,2026-05-26
BR045502026,DATA CENSUS LTDA,state,BR,2000,2026-05-20,2026-05-23,2026-05-25,2026-05-19,10000,0.7,DATA CENSUS LTDA,3,2026-05-25
BR041932026,NEXUS PESQUISA E INTELIGENCIA DE DADOS L,national,BR,2000,2026-05-22,2026-05-24,2026-05-25,2026-05-19,164888.89,0.7,NEXUS PESQUISA E INTELIGENCIA DE DADOS L,3,2026-05-25
BR052272026,ECONOMETRICA PESQUISA LTDA,state,BR,1607,2026-05-11,2026-05-14,2026-05-24,2026-05-18,40000,0.6,ECONOMETRICA PESQUISA LTDA,3,2026-05-24
BR079612026,INSTITUTO VOX BRASIL OPINIAO E PESQUISAS,unknown,BR,2100,2026-05-21,2026-05-23,2026-05-24,2026-05-18,50000,0.7,INSTITUTO VOX BRASIL OPINIAO E PESQUISAS,3,2026-05-24
BR004322026,ANDRE CAVALCANTE FALABELLA LTDA,state,BR,1070,2026-05-16,2026-05-20,2026-05-24,2026-05-18,20000,0.6,ANDRE CAVALCANTE FALABELLA LTDA,3,2026-05-24
BR092732026,F. FACANHA DE ALMEIDA,state,BR,800,2026-05-13,2026-05-16,2026-05-24,2026-05-18,18000,0.5,F. FACANHA DE ALMEIDA,3,2026-05-24
BR070892026,ESTIMATIVA EDITORA COMUNICACAO E GRAFICA,state,BR,301,2026-05-16,2026-05-17,2026-05-24,2026-05-18,2500,0.4,ESTIMATIVA EDITORA COMUNICACAO E GRAFICA,3,2026-05-24
BR020842026,"ECM - EDICAO, COMUNICACAO & MARKETING EI",state,BR,1200,2026-05-18,2026-05-22,2026-05-23,2026-05-17,11000,0.6,"ECM - EDICAO, COMUNICACAO & MARKETING EI",3,2026-05-23
BR082622026,ECONOMETRICA PESQUISA LTDA,unknown,BR,1607,2026-05-11,2026-05-14,2026-05-23,2026-05-17,40000,0.6,ECONOMETRICA PESQUISA LTDA,3,2026-05-23
BR012552026,C. GOMES MARKETING,state,BR,1600,2026-05-19,2026-05-23,2026-05-23,2026-05-17,19000,0.6,C. GOMES MARKETING,3,2026-05-23
BR023422026,DATA CENSUS LTDA,unknown,BR,2000,2026-05-20,2026-05-22,2026-05-23,2026-05-17,10000,0.7,DATA CENSUS LTDA,3,2026-05-23
BR099872026,F. FACANHA DE ALMEIDA,unknown,BR,800,2026-05-13,2026-05-16,2026-05-23,2026-05-17,18000,0.5,F. FACANHA DE ALMEIDA,3,2026-05-23
BR038502026,PNH PESQUISA DE MERCADO E OPINIAO PUBLIC,state,BR,1500,2026-05-16,2026-05-21,2026-05-22,2026-05-16,22500,0.6,PNH PESQUISA DE MERCADO E OPINIAO PUBLIC,3,2026-05-22
BR074892026,Datafolha,national,BR,2004,2026-05-20,2026-05-22,2026-05-22,2026-05-16,307641.6,0.8999999999999999,Datafolha,5,2026-05-22
BR079712026,Gerp,national,BR,2000,2026-05-19,2026-05-22,2026-05-22,2026-05-16,20000,0.7,Gerp,3,2026-05-22
BR065292026,100 Cidades,national,BR,2000,2026-05-15,2026-05-21,2026-05-21,2026-05-15,160000,0.7,100 Cidades,3,2026-05-21
BR057332026,"OPNUS ESTRATEGIA, PESQUISA DE OPINIAO E ",state,BR,1100,2026-05-17,2026-05-20,2026-05-21,2026-05-15,35000,0.6,"OPNUS ESTRATEGIA, PESQUISA DE OPINIAO E ",3,2026-05-21
BR093012026,VETOR ARROW INSTITUTO DE PESQUISA E OPIN,national,BR,9000,2026-05-15,2026-05-19,2026-05-21,2026-05-15,180000,0.7,VETOR ARROW INSTITUTO DE PESQUISA E OPIN,3,2026-05-21
BR054362026,INSTITUTO PIAUIENSE DE OPINIAO PUBLICA L,state,BR,400,2026-05-05,2026-05-08,2026-05-21,2026-05-15,11500,0.4,INSTITUTO PIAUIENSE DE OPINIAO PUBLICA L,3,2026-05-21
BR037722026,INSTITUTO PIAUIENSE DE OPINIAO PUBLICA L,state,BR,400,2026-05-04,2026-05-06,2026-05-21,2026-05-15,11500,0.4,INSTITUTO PIAUIENSE DE OPINIAO PUBLICA L,3,2026-05-21
BR071142026,Real Time Big Data,state,BR,1600,2026-05-19,2026-05-20,2026-05-21,2026-05-15,64000,0.8,Real Time Big Data,3,2026-05-21
BR017442026,Real Time Big Data,state,BR,1600,2026-05-18,2026-05-19,2026-05-20,2026-05-14,64000,0.8,Real Time Big Data,3,2026-05-20
BR092092026,A J TECH LTDA,state,BR,1600,2026-05-12,2026-05-16,2026-05-20,2026-05-14,37000,0.6,A J TECH LTDA,3,2026-05-20
BR024162026,INSTITUTO VOX BRASIL OPINIAO E PESQUISAS,national,BR,2100,2026-05-17,2026-05-19,2026-05-20,2026-05-14,50000,0.7,INSTITUTO VOX BRASIL OPINIAO E PESQUISAS,3,2026-05-20
BR049702026,VETOR ARROW INSTITUTO DE PESQUISA E OPIN,unknown,BR,9000,2026-05-15,2026-05-19,2026-05-20,2026-05-14,180000,0.7,VETOR ARROW INSTITUTO DE PESQUISA E OPIN,3,2026-05-20
BR089772026,ROGERIO M. P. MOURA - ME,state,BR,500,2026-05-11,2026-05-12,2026-05-20,2026-05-14,5000,0.5,ROGERIO M. P. MOURA - ME,3,2026-05-20
BR032432026,AtlasIntel,state,BR,1200,2026-05-13,2026-05-18,2026-05-19,2026-05-13,75000,0.8,AtlasIntel,3,2026-05-19
BR069392026,AtlasIntel,national,BR,5000,2026-05-13,2026-05-18,2026-05-19,2026-05-13,75000,0.8999999999999999,AtlasIntel,3,2026-05-19
BR087952026,"ECM - EDICAO, COMUNICACAO & MARKETING EI",state,BR,1200,2026-05-12,2026-05-16,2026-05-17,2026-05-11,11000,0.6,"ECM - EDICAO, COMUNICACAO & MARKETING EI",3,2026-05-17
BR026022026,ANDRE CAVALCANTE FALABELLA LTDA,state,BR,300,2026-05-07,2026-05-08,2026-05-17,2026-05-11,10000,0.4,ANDRE CAVALCANTE FALABELLA LTDA,3,2026-05-17
BR067132026,QUALITTA EMPREEDIMENTOS LTDA,state,BR,1200,2026-05-12,2026-05-14,2026-05-16,2026-05-10,22000,0.6,QUALITTA EMPREEDIMENTOS LTDA,3,2026-05-16
BR058882026,Veritá,national,BR,3330,2026-05-11,2026-05-15,2026-05-16,2026-05-10,150000,0.7,Veritá,3,2026-05-16
BR012472026,PARLA MENTORS CONSULTORIA LTDA,unknown,BR,400,2026-05-13,2026-05-15,2026-05-16,2026-05-10,8000,0.4,PARLA MENTORS CONSULTORIA LTDA,3,2026-05-16
BR002902026,Datafolha,national,BR,2004,2026-05-12,2026-05-14,2026-05-15,2026-05-09,307641.6,0.8999999999999999,Datafolha,5,2026-05-15
BR060372026,INSTITUTO DE PESQUISAS PERFIL LTDA,state,BR,604,2026-05-11,2026-05-13,2026-05-15,2026-05-09,10000,0.5,INSTITUTO DE PESQUISAS PERFIL LTDA,3,2026-05-15
BR059872026,Doxa,state,BR,2000,2026-05-09,2026-05-14,2026-05-15,2026-05-09,60000,0.7,Doxa,3,2026-05-15
BR066462026,INSTITUTO DATA AZ DE PESQUISA LTDA,state,BR,400,2026-05-07,2026-05-08,2026-05-14,2026-05-08,4500,0.4,INSTITUTO DATA AZ DE PESQUISA LTDA,3,2026-05-14
BR033692026,Gerp,national,BR,2000,2026-05-07,2026-05-11,2026-05-14,2026-05-08,20000,0.7,Gerp,3,2026-05-14
BR038122026,AtlasIntel,state,BR,1200,2026-05-08,2026-05-13,2026-05-14,2026-05-08,75000,0.8,AtlasIntel,3,2026-05-14
BR024232026,INSTITUTO VOX BRASIL OPINIAO E PESQUISAS,national,BR,2100,2026-05-09,2026-05-12,2026-05-14,2026-05-08,50000,0.7,INSTITUTO VOX BRASIL OPINIAO E PESQUISAS,3,2026-05-14
BR071922026,AtlasIntel,state,BR,1200,2026-05-08,2026-05-13,2026-05-14,2026-05-08,75000,0.8,AtlasIntel,3,2026-05-14
BR006952026,LAIS CRISTINA RODRIGUES DE OLIVEIRA LTDA,state,BR,1500,2026-05-09,2026-05-13,2026-05-14,2026-05-08,10000,0.6,LAIS CRISTINA RODRIGUES DE OLIVEIRA LTDA,3,2026-05-14
BR009462026,Real Time Big Data,state,BR,1600,2026-05-11,2026-05-12,2026-05-13,2026-05-07,64000,0.8,Real Time Big Data,3,2026-05-13
BR040592026,VETOR ARROW INSTITUTO DE PESQUISA E OPIN,state,BR,4729,2026-05-07,2026-05-08,2026-05-13,2026-05-07,94580,0.7,VETOR ARROW INSTITUTO DE PESQUISA E OPIN,3,2026-05-13
BR035982026,Quaest,national,BR,2004,2026-05-08,2026-05-11,2026-05-13,2026-05-07,433255.92,0.8999999999999999,Quaest,3,2026-05-13
BR095702026,Paraná Pesquisas,state,BR,1510,2026-05-10,2026-05-12,2026-05-13,2026-05-07,45000,0.8,Paraná Pesquisas,3,2026-05-13
BR047622026,Real Time Big Data,state,BR,1600,2026-05-09,2026-05-11,2026-05-12,2026-05-06,64000,0.8,Real Time Big Data,3,2026-05-12
BR072932026,Veritá,state,BR,1220,2026-05-06,2026-05-10,2026-05-11,2026-05-05,85000,0.6,Veritá,3,2026-05-11
BR020522026,INSTITUTO VOX BRASIL OPINIAO E PESQUISAS,state,BR,1200,2026-05-08,2026-05-09,2026-05-11,2026-05-05,15000,0.6,INSTITUTO VOX BRASIL OPINIAO E PESQUISAS,3,2026-05-11
BR043152026,Paraná Pesquisas,state,BR,1500,2026-05-08,2026-05-10,2026-05-11,2026-05-05,135225,0.8,Paraná Pesquisas,3,2026-05-11
BR021132026,LAIS CRISTINA RODRIGUES DE OLIVEIRA LTDA,state,BR,400,2026-05-09,2026-05-10,2026-05-11,2026-05-05,4000,0.4,LAIS CRISTINA RODRIGUES DE OLIVEIRA LTDA,3,2026-05-11
BR093022026,Paraná Pesquisas,unknown,BR,1400,2026-05-07,2026-05-10,2026-05-11,2026-05-05,45000,0.8,Paraná Pesquisas,3,2026-05-11
BR036782026,100 Cidades,national,BR,2000,2026-05-04,2026-05-08,2026-05-11,2026-05-05,160000,0.7,100 Cidades,3,2026-05-11
BR047272026,METADATA SOLUCOES INTELIGENTES LTDA,state,BR,1550,2026-05-07,2026-05-09,2026-05-11,2026-05-05,50000,0.6,METADATA SOLUCOES INTELIGENTES LTDA,3,2026-05-11
BR005752026,INSTITUTO PIAUIENSE DE OPINIAO PUBLICA L,state,BR,400,2026-04-30,2026-05-04,2026-05-10,2026-05-04,11500,0.4,INSTITUTO PIAUIENSE DE OPINIAO PUBLICA L,3,2026-05-10
BR063302026,INSTITUTO PIAUIENSE DE OPINIAO PUBLICA L,state,BR,400,2026-04-30,2026-05-03,2026-05-10,2026-05-04,11500,0.4,INSTITUTO PIAUIENSE DE OPINIAO PUBLICA L,3,2026-05-10
BR036582026,INSTITUTO PIAUIENSE DE OPINIAO PUBLICA L,state,BR,400,2026-04-30,2026-05-03,2026-05-10,2026-05-04,11500,0.4,INSTITUTO PIAUIENSE DE OPINIAO PUBLICA L,3,2026-05-10
BR057822026,V. C. H. A. SERVICOS LTDA.,state,BR,1500,2026-04-29,2026-05-03,2026-05-08,2026-05-02,60000,0.6,V. C. H. A. SERVICOS LTDA.,3,2026-05-08
BR090222026,RANKING BRASIL INTELIGENCIA LTDA,state,BR,2000,2026-05-03,2026-05-07,2026-05-08,2026-05-02,20000,0.7,RANKING BRASIL INTELIGENCIA LTDA,3,2026-05-08
BR089142026,SETA INSTITUTO DE PESQUISA LTDA,state,BR,1500,2026-05-03,2026-05-05,2026-05-08,2026-05-02,15000,0.6,SETA INSTITUTO DE PESQUISA LTDA,3,2026-05-08
BR031452026,J J COELHO,state,,1203,2026-05-03,2026-05-06,2026-05-07,2026-05-01,12900,0.6,J J COELHO,3,2026-05-07
BR068122026,INSTITUTO VOX BRASIL OPINIAO E PESQUISAS,unknown,,1200,2026-05-02,2026-05-03,2026-05-06,2026-04-30,15000,0.6,INSTITUTO VOX BRASIL OPINIAO E PESQUISAS,3,2026-05-06
BR005762026,100 Cidades,state,,1200,2026-04-27,2026-04-29,2026-05-06,2026-04-30,96000,0.6,100 Cidades,3,2026-05-06
BR053562026,Ideia/Canal Meio,national,,1500,2026-05-01,2026-05-05,2026-05-06,2026-04-30,27600,0.6,Ideia/Canal Meio,3,2026-05-06
BR031752026,INSTITUTO FRANCA DE PESQUISAS LTDA,state,,1067,2026-04-27,2026-05-01,2026-05-06,2026-04-30,15000,0.6,INSTITUTO FRANCA DE PESQUISAS LTDA,3,2026-05-06
BR083372026,INSTITUTO DATATRENDS LTDA,state,,4000,2026-04-30,2026-05-03,2026-05-06,2026-04-30,50000,0.7,INSTITUTO DATATRENDS LTDA,3,2026-05-06
BR055152026,SETA INSTITUTO DE PESQUISA LTDA,unknown,,1200,2026-04-24,2026-04-26,2026-05-06,2026-04-30,14000,0.6,SETA INSTITUTO DE PESQUISA LTDA,3,2026-05-06
BR069162026,NEOBE GESTAO E SERVICOS LTDA,state,,1008,2026-05-04,2026-05-06,2026-05-06,2026-04-30,25000,0.6,NEOBE GESTAO E SERVICOS LTDA,3,2026-05-06
BR036272026,Real Time Big Data,national,,2000,2026-05-02,2026-05-04,2026-05-05,2026-04-29,80000,0.8999999999999999,Real Time Big Data,3,2026-05-05
BR003532026,SETA INSTITUTO DE PESQUISA LTDA,state,,1500,2026-04-29,2026-05-01,2026-05-04,2026-04-28,15000,0.6,SETA INSTITUTO DE PESQUISA LTDA,3,2026-05-04
BR031762026,SETA INSTITUTO DE PESQUISA LTDA,state,,450,2026-04-29,2026-04-30,2026-05-04,2026-04-28,4000,0.4,SETA INSTITUTO DE PESQUISA LTDA,3,2026-05-04
BR007262026,PERCENT PESQUISA DE MERCADO E OPINIAO LT,state,,1200,2026-04-29,2026-05-03,2026-05-04,2026-04-28,30000,0.6,PERCENT PESQUISA DE MERCADO E OPINIAO LT,3,2026-05-04
BR019712026,100 Cidades,state,,800,2026-04-24,2026-04-25,2026-05-04,2026-04-28,64000,0.5,100 Cidades,3,2026-05-04
BR021392026,100 Cidades,state,,1000,2026-04-22,2026-04-24,2026-05-03,2026-04-27,80000,0.6,100 Cidades,3,2026-05-03
BR011652026,A. F. BARBOSA & CIA. LTDA - ME,state,,784,2026-04-27,2026-05-01,2026-05-03,2026-04-27,12500,0.5,A. F. BARBOSA & CIA. LTDA - ME,3,2026-05-03
BR076872026,M B BARROS CONSULTORIA LTDA - ME,state,,800,2026-04-30,2026-05-02,2026-05-03,2026-04-27,20000,0.5,M B BARROS CONSULTORIA LTDA - ME,3,2026-05-03
BR031352026,100 Cidades,state,,1000,2026-04-14,2026-04-16,2026-05-03,2026-04-27,80000,0.6,100 Cidades,3,2026-05-03
BR085302026,M B BARROS CONSULTORIA LTDA - ME,unknown,,800,2026-04-30,2026-05-02,2026-05-02,2026-04-26,20000,0.5,M B BARROS CONSULTORIA LTDA - ME,3,2026-05-02
BR013812026,F. FACANHA DE ALMEIDA,state,,1006,2026-04-25,2026-04-30,2026-05-01,2026-04-25,33000,0.6,F. FACANHA DE ALMEIDA,3,2026-05-01
BR088162026,Quaest,state,,804,2026-04-25,2026-04-28,2026-04-30,2026-04-24,95877,0.7,Quaest,3,2026-04-30
BR069152026,Quaest,state,,1104,2026-04-24,2026-04-28,2026-04-30,2026-04-24,225272.25,0.8,Quaest,3,2026-04-30
BR013682026,Quaest,state,,1104,2026-04-24,2026-04-28,2026-04-30,2026-04-24,239169.81,0.8,Quaest,3,2026-04-30
BR013472026,Quaest,state,,1002,2026-04-24,2026-04-28,2026-04-30,2026-04-24,204886.89,0.8,Quaest,3,2026-04-30
BR087032026,Quaest,state,,1200,2026-04-23,2026-04-27,2026-04-29,2026-04-23,246482.01,0.8,Quaest,3,2026-04-29
BR002572026,NEOBE GESTAO E SERVICOS LTDA,state,,1008,2026-04-27,2026-04-29,2026-04-29,2026-04-23,45000,0.6,NEOBE GESTAO E SERVICOS LTDA,3,2026-04-29
BR099282026,Quaest,state,,1650,2026-04-23,2026-04-27,2026-04-29,2026-04-23,279386.89,0.8,Quaest,3,2026-04-29
BR019492026,EXATUS CONSULTORIA E PESQUISA LTDA,state,,1518,2026-04-14,2026-04-17,2026-04-28,2026-04-22,30000,0.6,EXATUS CONSULTORIA E PESQUISA LTDA,3,2026-04-28
BR034732026,Quaest,state,,900,2026-04-22,2026-04-26,2026-04-28,2026-04-22,183218.59,0.7,Quaest,3,2026-04-28
BR035092026,INSTITUTO DATA AZ DE PESQUISA LTDA,state,,800,2026-04-20,2026-04-25,2026-04-28,2026-04-22,6000,0.5,INSTITUTO DATA AZ DE PESQUISA LTDA,3,2026-04-28
BR079922026,AtlasIntel,national,,5000,2026-04-22,2026-04-27,2026-04-28,2026-04-22,75000,0.8999999999999999,AtlasIntel,3,2026-04-28
BR091712026,INSTITUTO NOVO PERFIL PESQUISAS LTDA,state,,1068,2026-04-22,2026-04-28,2026-04-28,2026-04-22,26000,0.6,INSTITUTO NOVO PERFIL PESQUISAS LTDA,3,2026-04-28
BR004302026,Quaest,state,,1482,2026-04-22,2026-04-26,2026-04-28,2026-04-22,233840.06,0.8,Quaest,3,2026-04-28
BR080182026,Paraná Pesquisas,unknown,,1500,2026-04-24,2026-04-26,2026-04-27,2026-04-21,45000,0.8,Paraná Pesquisas,3,2026-04-27
BR010752026,NEXUS PESQUISA E INTELIGENCIA DE DADOS L,national,,2000,2026-04-24,2026-04-26,2026-04-27,2026-04-21,164888.89,0.7,NEXUS PESQUISA E INTELIGENCIA DE DADOS L,3,2026-04-27
BR017552026,Quaest,state,,900,2026-04-21,2026-04-25,2026-04-27,2026-04-21,181155.18,0.7,Quaest,3,2026-04-27
BR062072026,Quaest,state,,1200,2026-04-21,2026-04-25,2026-04-27,2026-04-21,205008.84,0.8,Quaest,3,2026-04-27
BR016562026,Quaest,state,,1104,2026-04-21,2026-04-25,2026-04-27,2026-04-21,215479.57,0.8,Quaest,3,2026-04-27
BR079702026,INSTITUTO PIAUIENSE DE OPINIAO PUBLICA L,state,,400,2026-04-15,2026-04-18,2026-04-26,2026-04-20,12000,0.4,INSTITUTO PIAUIENSE DE OPINIAO PUBLICA L,3,2026-04-26
BR024192026,"DATAPRESS INSTITUTO DE PESQUISA, COMUNIC",state,,601,2026-04-18,2026-04-19,2026-04-26,2026-04-20,15000,0.5,"DATAPRESS INSTITUTO DE PESQUISA, COMUNIC",3,2026-04-26
BR036382026,A J TECH LTDA,state,,1615,2026-04-10,2026-04-15,2026-04-26,2026-04-20,41000,0.6,A J TECH LTDA,3,2026-04-26
BR075192026,INSTITUTO VOX BRASIL OPINIAO E PESQUISAS,state,,1480,2026-04-22,2026-04-25,2026-04-26,2026-04-20,50000,0.6,INSTITUTO VOX BRASIL OPINIAO E PESQUISAS,3,2026-04-26
BR071042026,INSTITUTO DATATRENDS LTDA,state,,1200,2026-04-22,2026-04-23,2026-04-26,2026-04-20,15000,0.6,INSTITUTO DATATRENDS LTDA,3,2026-04-26
BR003662026,INSTITUTO PIAUIENSE DE OPINIAO PUBLICA L,state,,400,2026-04-16,2026-04-20,2026-04-26,2026-04-20,12000,0.4,INSTITUTO PIAUIENSE DE OPINIAO PUBLICA L,3,2026-04-26
BR078242026,INSTITUTO PIAUIENSE DE OPINIAO PUBLICA L,state,,400,2026-04-15,2026-04-18,2026-04-26,2026-04-20,12000,0.4,INSTITUTO PIAUIENSE DE OPINIAO PUBLICA L,3,2026-04-26
BR069672026,SETA INSTITUTO DE PESQUISA LTDA,unknown,,600,2026-04-19,2026-04-20,2026-04-25,2026-04-19,7000,0.5,SETA INSTITUTO DE PESQUISA LTDA,3,2026-04-25
BR072802026,A J TECH LTDA,unknown,,1615,2026-04-10,2026-04-15,2026-04-25,2026-04-19,41000,0.6,A J TECH LTDA,3,2026-04-25
BR019202026,Paraná Pesquisas,state,,1680,2026-04-21,2026-04-23,2026-04-24,2026-04-18,45000,0.8,Paraná Pesquisas,3,2026-04-24
BR058212026,MORAIS & DIAS INSTITUTO DE OPINI O P BLI,state,,312,2026-04-14,2026-04-16,2026-04-24,2026-04-18,4000,0.4,MORAIS & DIAS INSTITUTO DE OPINI O P BLI,3,2026-04-24
BR034112026,INSTITUTO PIAUIENSE DE OPINIAO PUBLICA L,state,,600,2026-04-10,2026-04-14,2026-04-22,2026-04-16,12000,0.5,INSTITUTO PIAUIENSE DE OPINIAO PUBLICA L,3,2026-04-22
BR026972026,BRASMARKET ANALISE E INVESTIGACAO DE MER,state,,1200,2026-04-17,2026-04-21,2026-04-22,2026-04-16,35000,0.6,BRASMARKET ANALISE E INVESTIGACAO DE MER,3,2026-04-22
BR018682026,PARLA MENTORS CONSULTORIA LTDA,unknown,,400,2026-04-16,2026-04-18,2026-04-22,2026-04-16,8000,0.4,PARLA MENTORS CONSULTORIA LTDA,3,2026-04-22
BR026812026,INSTITUTO VOX BRASIL OPINIAO E PESQUISAS,unknown,,1480,2026-04-16,2026-04-19,2026-04-22,2026-04-16,50000,0.6,INSTITUTO VOX BRASIL OPINIAO E PESQUISAS,3,2026-04-22
BR095922026,INSTITUTO PIAUIENSE DE OPINIAO PUBLICA L,state,,1000,2026-04-09,2026-04-13,2026-04-22,2026-04-16,16000,0.6,INSTITUTO PIAUIENSE DE OPINIAO PUBLICA L,3,2026-04-22
BR040422026,INSTITUTO VOX BRASIL OPINIAO E PESQUISAS,unknown,,1480,2026-04-16,2026-04-19,2026-04-21,2026-04-15,50000,0.6,INSTITUTO VOX BRASIL OPINIAO E PESQUISAS,3,2026-04-21
BR011952026,Paraná Pesquisas,unknown,,1500,2026-04-17,2026-04-19,2026-04-20,2026-04-14,45000,0.8,Paraná Pesquisas,3,2026-04-20
BR056222026,INSTITUTO DATATRENDS LTDA,unknown,,1200,2026-04-15,2026-04-16,2026-04-19,2026-04-13,15000,0.6,INSTITUTO DATATRENDS LTDA,3,2026-04-19
BR094462026,OPINIAO PESQUISAS SOCIAIS LTDA,state,,2000,2026-04-14,2026-04-17,2026-04-19,2026-04-13,45000,0.7,OPINIAO PESQUISAS SOCIAIS LTDA,3,2026-04-19
BR092822026,Veritá,state,,1220,2026-04-14,2026-04-18,2026-04-19,2026-04-13,93940,0.6,Veritá,3,2026-04-19
BR089052026,INSTITUTO DE PESQUISAS PERFIL LTDA,state,,1800,2026-04-13,2026-04-16,2026-04-17,2026-04-11,40000,0.6,INSTITUTO DE PESQUISAS PERFIL LTDA,3,2026-04-17
BR076762026,Paraná Pesquisas,unknown,,1500,2026-04-14,2026-04-16,2026-04-17,2026-04-11,45000,0.8,Paraná Pesquisas,3,2026-04-17
BR074272026,J J COELHO,state,,1355,2026-04-13,2026-04-17,2026-04-16,2026-04-10,8600,0.6,J J COELHO,3,2026-04-16
BR012212026,Datafolha,state,,1022,2026-04-13,2026-04-15,2026-04-16,2026-04-10,120000,0.8,Datafolha,5,2026-04-16
BR084532026,Paraná Pesquisas,state,,1600,2026-04-11,2026-04-14,2026-04-16,2026-04-10,50000,0.8,Paraná Pesquisas,3,2026-04-16
BR092852026,Quaest,national,,2004,2026-04-10,2026-04-13,2026-04-15,2026-04-09,465820,0.8999999999999999,Quaest,3,2026-04-15
BR090552026,Doxa,state,,2000,2026-04-09,2026-04-14,2026-04-15,2026-04-09,60000,0.7,Doxa,3,2026-04-15
BR028472026,MDA,national,,2002,2026-04-08,2026-04-12,2026-04-14,2026-04-08,230038,0.8999999999999999,MDA,3,2026-04-14
BR044092026,Instituto Divulga,unknown,,302,2026-04-02,2026-04-03,2026-04-14,2026-04-08,8000,0.4,Instituto Divulga,3,2026-04-14
BR071202026,A J TECH LTDA,state,,1775,2026-03-28,2026-04-01,2026-04-14,2026-04-08,40000,0.6,A J TECH LTDA,3,2026-04-14
BR082822026,100 Cidades,national,,2000,2026-04-07,2026-04-11,2026-04-14,2026-04-08,160000,0.7,100 Cidades,3,2026-04-14
BR020802026,Paraná Pesquisas,state,,1500,2026-04-10,2026-04-12,2026-04-13,2026-04-07,135025,0.8,Paraná Pesquisas,3,2026-04-13
BR007392026,"JS PORTAIS, COMUNICACAO E PUBLICIDADE LT",state,,1137,2026-04-07,2026-04-10,2026-04-13,2026-04-07,60000,0.6,"JS PORTAIS, COMUNICACAO E PUBLICIDADE LT",3,2026-04-13
BR089712026,PNH PESQUISA DE MERCADO E OPINIAO PUBLIC,state,,1500,2026-04-07,2026-04-11,2026-04-12,2026-04-06,22500,0.6,PNH PESQUISA DE MERCADO E OPINIAO PUBLIC,3,2026-04-12
BR037702026,Datafolha,national,,2004,2026-04-07,2026-04-09,2026-04-11,2026-04-05,307641.6,0.8999999999999999,Datafolha,5,2026-04-11
BR040892026,RANKING BRASIL INTELIGENCIA LTDA,state,,2000,2026-04-05,2026-04-10,2026-04-10,2026-04-04,20000,0.7,RANKING BRASIL INTELIGENCIA LTDA,3,2026-04-10
BR078732026,100 Cidades,state,,800,2026-04-01,2026-04-06,2026-04-10,2026-04-04,64000,0.5,100 Cidades,3,2026-04-10
BR099642026,Real Time Big Data,state,,1600,2026-04-06,2026-04-07,2026-04-08,2026-04-02,64000,0.8,Real Time Big Data,3,2026-04-08
BR044202026,INSTITUTO FRANCA DE PESQUISAS LTDA,state,,1200,2026-04-06,2026-04-08,2026-04-08,2026-04-03,15000,0.6,INSTITUTO FRANCA DE PESQUISAS LTDA,3,2026-04-08
BR006052026,Ideia/Canal Meio,national,,1500,2026-04-03,2026-04-07,2026-04-08,2026-04-02,27600,0.6,Ideia/Canal Meio,3,2026-04-08
BR048902026,CENTRO DE ESTUDOS E PESQUISAS POLITICAS ,state,,400,2026-04-04,2026-04-05,2026-04-08,2026-04-02,20000,0.4,CENTRO DE ESTUDOS E PESQUISAS POLITICAS ,3,2026-04-08
BR019602026,Veritá,state,,1030,2026-03-18,2026-03-24,2026-04-07,2026-04-01,79310,0.6,Veritá,3,2026-04-07
BR060092026,SETA INSTITUTO DE PESQUISA LTDA,state,,1500,2026-03-31,2026-04-02,2026-04-06,2026-03-31,15000,0.6,SETA INSTITUTO DE PESQUISA LTDA,3,2026-04-06
BR035942026,100 Cidades,state,,1000,2026-03-30,2026-04-01,2026-04-06,2026-03-31,63000,0.6,100 Cidades,3,2026-04-06
BR024762026,Veritá,national,,40500,2026-03-13,2026-04-04,2026-04-04,2026-03-29,3118500,0.7,Veritá,3,2026-04-04
BR084552026,"ECM - EDICAO, COMUNICACAO & MARKETING EI",state,,1200,2026-03-30,2026-04-03,2026-04-04,2026-03-29,11000,0.6,"ECM - EDICAO, COMUNICACAO & MARKETING EI",3,2026-04-04
BR016372026,Veritá,state,,1220,2026-03-29,2026-04-04,2026-04-03,2026-03-28,93940,0.6,Veritá,3,2026-04-03
BR017982026,Veritá,state,,1525,2026-03-29,2026-04-04,2026-04-03,2026-03-28,117425,0.6,Veritá,3,2026-04-03
BR011292026,Veritá,state,,2030,2026-03-29,2026-04-04,2026-04-03,2026-03-28,156310,0.7,Veritá,3,2026-04-03
BR014692026,Veritá,state,,1030,2026-03-29,2026-04-04,2026-04-03,2026-03-28,79310,0.6,Veritá,3,2026-04-03
BR003622026,Veritá,state,,1220,2026-03-29,2026-04-04,2026-04-03,2026-03-28,93940,0.6,Veritá,3,2026-04-03
BR034612026,Veritá,state,,2020,2026-03-29,2026-04-04,2026-04-03,2026-03-28,155540,0.7,Veritá,3,2026-04-03
BR041182026,Veritá,state,,1220,2026-03-29,2026-04-04,2026-04-03,2026-03-28,93940,0.6,Veritá,3,2026-04-03
BR033752026,INSTITUTO PIAUIENSE DE OPINIAO PUBLICA L,state,,1137,2026-03-23,2026-03-27,2026-04-02,2026-03-27,70000,0.6,INSTITUTO PIAUIENSE DE OPINIAO PUBLICA L,3,2026-04-02
BR091102026,Paraná Pesquisas,state,,1300,2026-03-28,2026-03-31,2026-04-02,2026-03-27,45000,0.8,Paraná Pesquisas,3,2026-04-02
BR050672026,100 Cidades,state,,1200,2026-03-24,2026-03-27,2026-04-01,2026-03-26,96000,0.6,100 Cidades,3,2026-04-01
BR071392026,DATA CONTROL INSTITUTO DE PESQUISA LTDA ,state,,1354,2026-03-22,2026-03-29,2026-04-01,2026-03-26,35000,0.6,DATA CONTROL INSTITUTO DE PESQUISA LTDA ,3,2026-04-01
BR035492026,Paraná Pesquisas,state,,1500,2026-03-27,2026-03-30,2026-04-01,2026-03-26,130000,0.8,Paraná Pesquisas,3,2026-04-01
BR027782026,METADATA SOLUCOES INTELIGENTES LTDA,state,,1000,2026-03-27,2026-03-28,2026-04-01,2026-03-26,10000,0.6,METADATA SOLUCOES INTELIGENTES LTDA,3,2026-04-01
BR015642026,ECONOMETRICA PESQUISA LTDA,state,,1556,2026-03-18,2026-03-21,2026-03-31,2026-03-25,40000,0.6,ECONOMETRICA PESQUISA LTDA,3,2026-03-31
BR060582026,AtlasIntel,national,,4200,2026-03-16,2026-03-23,2026-03-31,2026-03-25,75000,0.8999999999999999,AtlasIntel,3,2026-03-31
BR005202026,AtlasIntel,state,,1200,2026-03-25,2026-03-30,2026-03-31,2026-03-25,75000,0.8,AtlasIntel,3,2026-03-31
BR030382026,Doxa,state,,1064,2026-03-26,2026-03-30,2026-03-31,2026-03-25,15000,0.6,Doxa,3,2026-03-31
BR056862026,AtlasIntel,state,,2200,2026-03-25,2026-03-30,2026-03-31,2026-03-25,75000,0.8999999999999999,AtlasIntel,3,2026-03-31
BR058232026,Veritá,state,,1000,2026-03-26,2026-03-28,2026-03-31,2026-03-25,50000,0.6,Veritá,3,2026-03-31
BR053152026,AtlasIntel,state,,1200,2026-03-25,2026-03-30,2026-03-31,2026-03-25,75000,0.8,AtlasIntel,3,2026-03-31
BR034912026,SETA INSTITUTO DE PESQUISA LTDA,state,,1500,2026-03-26,2026-03-28,2026-03-31,2026-03-25,15000,0.6,SETA INSTITUTO DE PESQUISA LTDA,3,2026-03-31
BR016662026,AtlasIntel,state,,1200,2026-03-25,2026-03-30,2026-03-31,2026-03-25,75000,0.8,AtlasIntel,3,2026-03-31
BR008732026,Paraná Pesquisas,national,,2080,2026-03-25,2026-03-28,2026-03-30,2026-03-24,50000,0.8999999999999999,Paraná Pesquisas,3,2026-03-30
BR062762026,Real Time Big Data,state,,1600,2026-03-27,2026-03-28,2026-03-30,2026-03-24,64000,0.8,Real Time Big Data,3,2026-03-30
BR069042026,NOVA IBRAPE PESQUISAS DE OPINIAO PUBLICA,state,,1000,2026-03-24,2026-03-29,2026-03-30,2026-03-24,1000,0.6,NOVA IBRAPE PESQUISAS DE OPINIAO PUBLICA,3,2026-03-30
BR093712026,JOTA JORNALISMO S/A,national,,5000,2026-03-01,2026-03-30,2026-03-30,2026-03-24,110000,0.7,JOTA JORNALISMO S/A,3,2026-03-30
BR078752026,NEXUS PESQUISA E INTELIGENCIA DE DADOS L,national,,2000,2026-03-27,2026-03-29,2026-03-30,2026-03-24,164888.89,0.7,NEXUS PESQUISA E INTELIGENCIA DE DADOS L,3,2026-03-30
BR010792026,AtlasIntel,state,,2200,2026-03-24,2026-03-29,2026-03-30,2026-03-24,75000,0.8999999999999999,AtlasIntel,3,2026-03-30
BR031832026,Veritá,state,,1030,2026-03-18,2026-03-24,2026-03-29,2026-03-23,79310,0.6,Veritá,3,2026-03-29
BR068082026,AtlasIntel,state,,1000,2026-03-23,2026-03-28,2026-03-29,2026-03-23,75000,0.8,AtlasIntel,3,2026-03-29
BR045942026,Veritá,state,,1220,2026-03-24,2026-03-30,2026-03-29,2026-03-23,93940,0.6,Veritá,3,2026-03-29
BR035832026,Veritá,state,,1525,2026-03-18,2026-03-24,2026-03-29,2026-03-23,117425,0.6,Veritá,3,2026-03-29
BR095542026,Veritá,state,,1220,2026-03-18,2026-03-24,2026-03-29,2026-03-23,93940,0.6,Veritá,3,2026-03-29
BR095782026,Veritá,state,,1220,2026-03-18,2026-03-24,2026-03-29,2026-03-23,93940,0.6,Veritá,3,2026-03-29
BR027432026,Veritá,state,,1220,2026-03-18,2026-03-24,2026-03-29,2026-03-23,93940,0.6,Veritá,3,2026-03-29
BR058302026,Veritá,state,,1525,2026-03-21,2026-03-25,2026-03-29,2026-03-23,117425,0.6,Veritá,3,2026-03-29
BR045672026,Veritá,state,,1525,2026-03-24,2026-03-30,2026-03-29,2026-03-23,117425,0.6,Veritá,3,2026-03-29
BR029122026,Veritá,state,,1220,2026-03-24,2026-03-30,2026-03-29,2026-03-23,93940,0.6,Veritá,3,2026-03-29
BR066382026,Veritá,state,,1525,2026-03-18,2026-03-24,2026-03-29,2026-03-23,117425,0.6,Veritá,3,2026-03-29
BR042752026,Veritá,state,,1220,2026-03-24,2026-03-30,2026-03-29,2026-03-23,93940,0.6,Veritá,3,2026-03-29
BR049072026,Veritá,state,,1220,2026-03-18,2026-03-24,2026-03-29,2026-03-23,93940,0.6,Veritá,3,2026-03-29
BR093812026,MEDIA - INTELIGENCIA EM PESQUISA LTDA,state,,-2000,2026-03-23,2026-03-26,2026-03-29,2026-03-23,21000,0.4,MEDIA - INTELIGENCIA EM PESQUISA LTDA,3,2026-03-29
BR096922026,Veritá,state,,1220,2026-03-13,2026-03-19,2026-03-29,2026-03-23,93940,0.6,Veritá,3,2026-03-29
BR042152026,Veritá,state,,2010,2026-03-24,2026-03-30,2026-03-29,2026-03-23,154770,0.7,Veritá,3,2026-03-29
BR051742026,Veritá,state,,3025,2026-03-13,2026-03-19,2026-03-29,2026-03-23,232925,0.7,Veritá,3,2026-03-29
BR030932026,Veritá,state,,1220,2026-03-13,2026-03-19,2026-03-29,2026-03-23,93940,0.6,Veritá,3,2026-03-29
BR083852026,Veritá,state,,2020,2026-03-18,2026-03-24,2026-03-29,2026-03-23,155540,0.7,Veritá,3,2026-03-29
BR086112026,Veritá,state,,2010,2026-03-24,2026-03-30,2026-03-29,2026-03-23,154770,0.7,Veritá,3,2026-03-29
BR014432026,Veritá,state,,2030,2026-03-24,2026-03-30,2026-03-29,2026-03-23,156310,0.7,Veritá,3,2026-03-29
BR087132026,PNH PESQUISA DE MERCADO E OPINIAO PUBLIC,state,,1500,2026-03-23,2026-03-26,2026-03-28,2026-03-22,22500,0.6,PNH PESQUISA DE MERCADO E OPINIAO PUBLIC,3,2026-03-28
BR023002026,Quaest,state,,1104,2026-03-22,2026-03-25,2026-03-28,2026-03-22,194810,0.8,Quaest,3,2026-03-28
BR054052026,QUALITTA EMPREEDIMENTOS LTDA,state,,1200,2026-03-22,2026-03-25,2026-03-27,2026-03-21,18000,0.6,QUALITTA EMPREEDIMENTOS LTDA,3,2026-03-27
BR096582026,ANOVA - INOVACAO E INTELIGENCIA EM PESQU,state,,2000,2026-03-19,2026-03-21,2026-03-26,2026-03-20,20000,0.7,ANOVA - INOVACAO E INTELIGENCIA EM PESQU,3,2026-03-26
BR006642026,Real Time Big Data,state,,1600,2026-03-23,2026-03-24,2026-03-25,2026-03-19,64000,0.8,Real Time Big Data,3,2026-03-25
BR028462026,Gerp,national,,2000,2026-03-21,2026-03-27,2026-03-25,2026-03-19,22500,0.7,Gerp,3,2026-03-25
BR053762026,INTELIGENCIA EM PESQUISA E CONSULTORIA L,state,,800,2026-03-19,2026-03-25,2026-03-25,2026-03-19,90000,0.5,INTELIGENCIA EM PESQUISA E CONSULTORIA L,3,2026-03-25
BR049482026,DATA CONTROL INSTITUTO DE PESQUISA LTDA ,state,,600,2026-03-17,2026-03-20,2026-03-25,2026-03-19,15000,0.5,DATA CONTROL INSTITUTO DE PESQUISA LTDA ,3,2026-03-25
BR057632026,Real Time Big Data,state,,1600,2026-03-21,2026-03-23,2026-03-24,2026-03-18,64000,0.8,Real Time Big Data,3,2026-03-24
BR042272026,AtlasIntel,national,,5000,2026-03-18,2026-03-23,2026-03-24,2026-03-18,75000,0.8999999999999999,AtlasIntel,3,2026-03-24
BR047002026,Paraná Pesquisas,state,,1400,2026-03-18,2026-03-21,2026-03-23,2026-03-17,35000,0.8,Paraná Pesquisas,3,2026-03-23
BR050682026,Datafolha,state,,816,2026-03-16,2026-03-18,2026-03-23,2026-03-17,81600,0.7,Datafolha,5,2026-03-23
BR005072026,NEOBE GESTAO E SERVICOS LTDA,state,,1008,2026-03-18,2026-03-20,2026-03-23,2026-03-17,45000,0.6,NEOBE GESTAO E SERVICOS LTDA,3,2026-03-23
BR025312026,Real Time Big Data,state,,1600,2026-03-20,2026-03-21,2026-03-23,2026-03-17,64000,0.8,Real Time Big Data,3,2026-03-23
BR070462026,F. FACANHA DE ALMEIDA,state,,1006,2026-03-16,2026-03-21,2026-03-22,2026-03-16,26000,0.6,F. FACANHA DE ALMEIDA,3,2026-03-22
BR047492026,RANKING BRASIL INTELIGENCIA LTDA,state,,1000,2026-03-16,2026-03-20,2026-03-22,2026-03-16,10000,0.6,RANKING BRASIL INTELIGENCIA LTDA,3,2026-03-22
BR011742026,SETA INSTITUTO DE PESQUISA LTDA,state,,1500,2026-03-07,2026-03-09,2026-03-20,2026-03-14,15000,0.6,SETA INSTITUTO DE PESQUISA LTDA,3,2026-03-20
BR099312026,FACTUM COMUNICACAO LTDA,state,,500,2026-03-16,2026-03-18,2026-03-20,2026-03-14,15000,0.5,FACTUM COMUNICACAO LTDA,3,2026-03-20
BR013412026,DATA TEMPO LIMITADA,state,,2000,2026-03-14,2026-03-18,2026-03-19,2026-03-13,170000,0.7,DATA TEMPO LIMITADA,3,2026-03-19
BR041032026,Real Time Big Data,state,,1500,2026-03-17,2026-03-18,2026-03-19,2026-03-13,60000,0.8,Real Time Big Data,3,2026-03-19
BR019472026,"ECM - EDICAO, COMUNICACAO & MARKETING EI",state,,1200,2026-03-16,2026-03-20,2026-03-19,2026-03-13,12000,0.6,"ECM - EDICAO, COMUNICACAO & MARKETING EI",3,2026-03-19
BR035332026,CONSULTORIA E PESQUISA TECNICA LTDA,state,,1700,2026-03-15,2026-03-18,2026-03-19,2026-03-13,35000,0.6,CONSULTORIA E PESQUISA TECNICA LTDA,3,2026-03-19
BR019052026,INSTITUTO FRANCA DE PESQUISAS LTDA,state,,1224,2026-03-16,2026-03-18,2026-03-18,2026-03-12,10000,0.6,INSTITUTO FRANCA DE PESQUISAS LTDA,3,2026-03-18
BR088332026,Real Time Big Data,state,,1500,2026-03-16,2026-03-17,2026-03-18,2026-03-12,60000,0.8,Real Time Big Data,3,2026-03-18
BR070042026,Paraná Pesquisas,state,,1220,2026-03-12,2026-03-15,2026-03-17,2026-03-11,35000,0.8,Paraná Pesquisas,3,2026-03-17
BR046652026,Real Time Big Data,state,,1500,2026-03-14,2026-03-16,2026-03-17,2026-03-11,60000,0.8,Real Time Big Data,3,2026-03-17
BR090112026,Real Time Big Data,state,,2000,2026-03-13,2026-03-14,2026-03-16,2026-03-10,80000,0.8999999999999999,Real Time Big Data,3,2026-03-16
BR050442026,Real Time Big Data,state,,2000,2026-03-11,2026-03-12,2026-03-13,2026-03-07,80000,0.8999999999999999,Real Time Big Data,3,2026-03-13
BR029442026,Quaest,state,,1500,2026-03-05,2026-03-11,2026-03-13,2026-03-07,337730,0.8,Quaest,3,2026-03-13
BR060872026,Paraná Pesquisas,state,,1500,2026-03-08,2026-03-11,2026-03-13,2026-03-07,40000,0.8,Paraná Pesquisas,3,2026-03-13
BR074952026,PORTAL GOIAS MAIOR LTDA,state,,1200,2026-03-03,2026-03-06,2026-03-12,2026-03-06,5000,0.6,PORTAL GOIAS MAIOR LTDA,3,2026-03-12
BR031652026,ALFA INTELIGENCIA E SERVICOS DE SOFTWARE,national,,1000,2026-03-06,2026-03-11,2026-03-12,2026-03-06,50000,0.6,ALFA INTELIGENCIA E SERVICOS DE SOFTWARE,3,2026-03-12
BR079462026,Real Time Big Data,state,,2000,2026-03-10,2026-03-11,2026-03-12,2026-03-06,80000,0.8999999999999999,Real Time Big Data,3,2026-03-12
BR040312026,J J COELHO,state,,1055,2026-03-08,2026-03-12,2026-03-12,2026-03-06,8500,0.6,J J COELHO,3,2026-03-12
BR003862026,Ideia/Canal Meio,national,,1500,2026-03-06,2026-03-10,2026-03-11,2026-03-05,27600,0.6,Ideia/Canal Meio,3,2026-03-11
BR029952026,A. F. BARBOSA & CIA. LTDA - ME,state,,784,2026-03-05,2026-03-09,2026-03-11,2026-03-05,12500,0.5,A. F. BARBOSA & CIA. LTDA - ME,3,2026-03-11
BR066072026,100 Cidades,national,,2000,2026-03-02,2026-03-06,2026-03-11,2026-03-05,160000,0.7,100 Cidades,3,2026-03-11
BR043672026,Real Time Big Data,state,,2000,2026-03-09,2026-03-10,2026-03-11,2026-03-05,80000,0.8999999999999999,Real Time Big Data,3,2026-03-11
BR058092026,Quaest,national,,2004,2026-03-06,2026-03-09,2026-03-11,2026-03-05,465820,0.8999999999999999,Quaest,3,2026-03-11
BR042392026,VIAVOX CONSULTORIA ADMINISTRATIVA E PESQ,state,,400,2026-03-05,2026-03-06,2026-03-10,2026-03-04,5000,0.4,VIAVOX CONSULTORIA ADMINISTRATIVA E PESQ,3,2026-03-10
BR005742026,Paraná Pesquisas,state,,1300,2026-03-05,2026-03-08,2026-03-10,2026-03-04,35000,0.8,Paraná Pesquisas,3,2026-03-10
BR000942026,Paraná Pesquisas,state,,1350,2026-03-04,2026-03-07,2026-03-09,2026-03-03,35000,0.8,Paraná Pesquisas,3,2026-03-09
BR019022026,Real Time Big Data,state,,2000,2026-03-06,2026-03-07,2026-03-09,2026-03-03,80000,0.8999999999999999,Real Time Big Data,3,2026-03-09
BR066242026,DCASTRO COMUNICACAO E MARKETING LTDA,state,,1200,2026-02-27,2026-03-03,2026-03-07,2026-03-01,35500,0.6,DCASTRO COMUNICACAO E MARKETING LTDA,3,2026-03-07
BR037782026,Paraná Pesquisas,state,,1500,2026-03-01,2026-03-04,2026-03-06,2026-02-28,135050,0.8,Paraná Pesquisas,3,2026-03-06
BR053592026,RANKING BRASIL INTELIGENCIA LTDA,state,,2000,2026-03-01,2026-03-06,2026-03-06,2026-02-28,20000,0.7,RANKING BRASIL INTELIGENCIA LTDA,3,2026-03-06
BR087612026,SETA INSTITUTO DE PESQUISA LTDA,state,,1500,2026-02-26,2026-02-28,2026-03-05,2026-02-27,15000,0.6,SETA INSTITUTO DE PESQUISA LTDA,3,2026-03-05
BR037422026,VETOR ARROW INSTITUTO DE PESQUISA E OPIN,national,,9000,2026-02-27,2026-03-03,2026-03-05,2026-02-27,180000,0.7,VETOR ARROW INSTITUTO DE PESQUISA E OPIN,3,2026-03-05
BR037152026,Datafolha,national,,2004,2026-03-03,2026-03-05,2026-03-05,2026-02-27,307641.6,0.8999999999999999,Datafolha,5,2026-03-05
BR067982026,Datafolha,state,,1608,2026-03-03,2026-03-05,2026-03-05,2026-02-27,185706.64,0.8,Datafolha,5,2026-03-05
BR043202026,SECULUS CONSULTORIA E ASSESSORIA LTDA ME,state,,1535,2026-02-25,2026-02-27,2026-03-04,2026-02-26,40000,0.6,SECULUS CONSULTORIA E ASSESSORIA LTDA ME,3,2026-03-04
BR093532026,Real Time Big Data,national,,2000,2026-02-28,2026-03-02,2026-03-03,2026-02-25,80000,0.8999999999999999,Real Time Big Data,3,2026-03-03
BR029212026,J J COELHO,state,,1200,2026-02-25,2026-02-28,2026-03-03,2026-02-25,8250,0.6,J J COELHO,3,2026-03-03
BR023362026,MAPA MARKETING E PARTICIPACOES LTDA,state,,1008,2026-02-26,2026-03-03,2026-03-03,2026-02-25,54000,0.6,MAPA MARKETING E PARTICIPACOES LTDA,3,2026-03-03
BR024102026,Paraná Pesquisas,state,,1500,2026-02-25,2026-02-28,2026-03-02,2026-02-24,130000,0.8,Paraná Pesquisas,3,2026-03-02
BR067802026,INSTITUTO DATATRENDS LTDA,state,,1200,2026-02-23,2026-02-24,2026-02-28,2026-02-22,15000,0.6,INSTITUTO DATATRENDS LTDA,3,2026-02-28
BR030862026,BADRA COMUNICACAO LTDA,unknown,,3000,2026-02-23,2026-02-27,2026-02-27,2026-02-21,8000,0.7,BADRA COMUNICACAO LTDA,3,2026-02-27
BR079742026,Paraná Pesquisas,national,,2080,2026-02-22,2026-02-25,2026-02-27,2026-02-21,50000,0.8999999999999999,Paraná Pesquisas,3,2026-02-27
BR076002026,AtlasIntel,national,,5000,2026-02-19,2026-02-24,2026-02-25,2026-02-19,75000,0.8999999999999999,AtlasIntel,3,2026-02-25
BR085432026,PERCENT PESQUISA DE MERCADO E OPINIAO LT,state,,1200,2026-02-09,2026-02-17,2026-02-21,2026-02-15,30000,0.6,PERCENT PESQUISA DE MERCADO E OPINIAO LT,3,2026-02-21
BR030572026,ANDRE CAVALCANTE FALABELLA LTDA,state,,1200,2026-02-03,2026-02-07,2026-02-12,2026-02-06,15000,0.6,ANDRE CAVALCANTE FALABELLA LTDA,3,2026-02-12
BR002492026,Quaest,national,,2004,2026-02-05,2026-02-09,2026-02-11,2026-02-05,465820,0.8999999999999999,Quaest,3,2026-02-11
BR042912026,COLECTTA INSTITUTO DE PESQUISA E ESTATIS,national,,2004,2026-02-05,2026-02-09,2026-02-11,2026-02-05,92000,0.7,COLECTTA INSTITUTO DE PESQUISA E ESTATIS,3,2026-02-11
BR081812026,100 Cidades,state,,800,2026-02-07,2026-02-09,2026-02-11,2026-02-05,64000,0.5,100 Cidades,3,2026-02-11
BR076832026,Paraná Pesquisas,state,,1580,2026-02-06,2026-02-10,2026-02-11,2026-02-05,40000,0.8,Paraná Pesquisas,3,2026-02-11
BR065102026,IPESPE INST DE PESQUISAS SOCIAIS POLITIC,state,,1500,2026-02-06,2026-02-09,2026-02-11,2026-02-05,80000,0.6,IPESPE INST DE PESQUISAS SOCIAIS POLITIC,3,2026-02-11
BR002802026,Real Time Big Data,state,,2000,2026-02-09,2026-02-10,2026-02-11,2026-02-05,80000,0.8999999999999999,Real Time Big Data,3,2026-02-11
BR007892026,Real Time Big Data,state,,2000,2026-02-07,2026-02-09,2026-02-10,2026-02-04,80000,0.8999999999999999,Real Time Big Data,3,2026-02-10
BR022762026,100 Cidades,national,,2000,2026-02-03,2026-02-07,2026-02-10,2026-02-04,160000,0.7,100 Cidades,3,2026-02-10
BR064282026,Real Time Big Data,national,,2000,2026-02-06,2026-02-07,2026-02-09,2026-02-03,80000,0.8999999999999999,Real Time Big Data,3,2026-02-09
BR020422026,100 Cidades,state,,1000,2026-01-29,2026-02-02,2026-02-09,2026-02-03,80000,0.6,100 Cidades,3,2026-02-09
BR015132026,DATA CONTROL INSTITUTO DE PESQUISA LTDA ,state,,800,2026-01-30,2026-02-03,2026-02-08,2026-02-02,15000,0.5,DATA CONTROL INSTITUTO DE PESQUISA LTDA ,3,2026-02-08
BR068542026,RANKING BRASIL INTELIGENCIA LTDA,state,,2000,2026-02-02,2026-02-06,2026-02-08,2026-02-02,20000,0.7,RANKING BRASIL INTELIGENCIA LTDA,3,2026-02-08
BR074072026,J J COELHO,state,,605,2026-02-02,2026-02-05,2026-02-06,2026-01-31,7000,0.5,J J COELHO,3,2026-02-06
BR071282026,BADRA COMUNICACAO LTDA,state,,1500,2026-01-27,2026-01-30,2026-02-06,2026-01-31,8000,0.6,BADRA COMUNICACAO LTDA,3,2026-02-06
BR065592026,Datafolha,state,,1022,2026-02-02,2026-02-05,2026-02-05,2026-01-30,115000,0.8,Datafolha,5,2026-02-05
BR068152026,Real Time Big Data,state,,2000,2026-02-03,2026-02-04,2026-02-05,2026-01-30,80000,0.8999999999999999,Real Time Big Data,3,2026-02-05
BR045192026,Gerp,national,,2000,2026-01-26,2026-01-30,2026-02-04,2026-01-29,20000,0.7,Gerp,3,2026-02-04
BR084252026,Ideia/Canal Meio,national,,1500,2026-01-30,2026-02-02,2026-02-04,2026-01-29,27600,0.6,Ideia/Canal Meio,3,2026-02-04
BR051802026,Real Time Big Data,state,,2000,2026-02-02,2026-02-03,2026-02-04,2026-01-29,80000,0.8999999999999999,Real Time Big Data,3,2026-02-04
BR091232026,DATA POVO INSTITUTO DE PESQUISAS MARKETI,national,,1300,2026-01-18,2026-01-21,2026-02-03,2026-01-28,68000,0.6,DATA POVO INSTITUTO DE PESQUISAS MARKETI,3,2026-02-03
BR005292026,SETA INSTITUTO DE PESQUISA LTDA,state,,1500,2026-01-28,2026-01-30,2026-02-02,2026-01-27,15000,0.6,SETA INSTITUTO DE PESQUISA LTDA,3,2026-02-02
BR037962026,JOTA JORNALISMO S/A,national,,5000,2026-01-05,2026-01-31,2026-02-01,2026-01-26,110000,0.7,JOTA JORNALISMO S/A,3,2026-02-01
BR041482026,100 Cidades,state,,800,2026-01-24,2026-01-27,2026-01-29,2026-01-23,64000,0.5,100 Cidades,3,2026-01-29
BR082542026,Paraná Pesquisas,national,,2080,2026-01-25,2026-01-28,2026-01-29,2026-01-23,50000,0.8999999999999999,Paraná Pesquisas,3,2026-01-29
BR040542026,ANOVA - INOVACAO E INTELIGENCIA EM PESQU,state,,2000,2026-01-24,2026-01-26,2026-01-28,2026-01-22,2000,0.7,ANOVA - INOVACAO E INTELIGENCIA EM PESQU,3,2026-01-28
BR030242026,100 Cidades,state,,1200,2026-01-20,2026-01-23,2026-01-27,2026-01-21,96000,0.6,100 Cidades,3,2026-01-27
BR008782026,Paraná Pesquisas,state,,1300,2026-01-18,2026-01-22,2026-01-23,2026-01-17,70000,0.8,Paraná Pesquisas,3,2026-01-23
BR005052026,Paraná Pesquisas,state,,1502,2026-01-17,2026-01-21,2026-01-22,2026-01-16,125000,0.8,Paraná Pesquisas,3,2026-01-22
BR082332026,100 Cidades,national,,2000,2026-01-15,2026-01-19,2026-01-22,2026-01-16,160000,0.7,100 Cidades,3,2026-01-22
BR028042026,AtlasIntel,national,,5000,2026-01-15,2026-01-20,2026-01-21,2026-01-15,75000,0.8999999999999999,AtlasIntel,3,2026-01-21
BR008352026,Quaest,national,,2004,2026-01-08,2026-01-11,2026-01-14,2026-01-08,465820,0.8999999999999999,Quaest,3,2026-01-14
BR067312026,Ideia/Canal Meio,national,,2000,2026-01-08,2026-01-12,2026-01-13,2026-01-07,46000,0.7,Ideia/Canal Meio,3,2026-01-13
